id,unitName,unitType,themeSongRes,member0,member1,member2,member3,member4,#member0,#member1,#member2,#member3,#member4,membercount,Description
1,뉴 제너레이션,titleheroine,流れ星キセキ,1,2,3,,,시마무라 우즈키,시부야 린,혼다 미오,,,3,시마무라 우즈키. 시부야 린. 혼다 미오. 본 게임을 대표하는 타이틀 히로인 세 명으로 구성된 일종의 주인공 유닛
2,핑키 큐트,dreamlivefestival,,1,25,10,,,시마무라 우즈키,코히나타 미호,오가타 치에리,,,3,제1회 드림 LIVE 페스티벌 때 등장한 유닛
3,핑크 체크 스쿨 eq,animoriginal,ラブレター,1,25,,,,시마무라 우즈키,코히나타 미호,,,,2,멤버들의 노멀 특훈 의상이 전부 같았기 때문에 한 팀이라는 개념은 있었다. 그러나 '핑크 체크 스쿨'이라는 의상명이 알려진 건 푸치데렐라 등장 후[2014년]라고 한다. 애니메이션에서 미호와 우즈키가 유닛을 결성하여 활동하려다 우즈키의 방황[?]으로 인해 제대로된 활동은 하지 못했다.
4,트라이어드 프리무스,friendship,Trancing Pulse,2,26,27,,,시부야 린,카미야 나오,호죠 카렌,,,3,시부야 린. 카미야 나오. 호죠 카렌로 구성된 쿨 타입을 대표하는 트리오 유닛. [Trancing Pulse]라는 별도의 유닛곡이 존재한다. 애니메이션에도 등장한다. 콘서트에서도 별도의 무대가 있을 정도로 사랑받는 유닛
5,언더 더 데스크,special,,22,24,16,,,사쿠마 마유,모리쿠보 노노,호시 쇼코,,,3,사쿠마 마유. 모리쿠보 노노. 호시 쇼코로 구성된 유닛. 책상 밑에 사는 노노와 쇼코에 극장 381[382]화에서 마유가 책상 밑에 들어온 데에서 착안하였다. 이후 제 8회 드림 라이브 페스티벌에 이벤트 유닛으로 등장
6,러브 라이카,animoriginal,Memories,14,15,,,,닛타 미나미,아나스타샤,,,,2,LOVE LAIKA. 일어 표기는 ラブライカ. 닛타 미나미와 아나스타샤로 구성된 쿨 타입 유닛. 라이카는 세계 최초의 러시아 우주견인 라이카[LAIKA]에서 따왔다고 한다. 별을 좋아하는 러시아 소녀 아나스타샤를 의식한 명칭. 
7,캔디 아일랜드,animoriginal,Happy×2 Days,9,10,6,,,미무라 카나코,오가타 치에리,후타바 안즈,,,3,후타바 안즈. 미무라 카나코. 오가타 치에리로 구성된 큐트 타입 유닛. 안즈가 일하기 싫다는 식의 이상한 발언을 하면 치에리와 카나코가 잘못을 지적하는 형태로 이야기가 진행되는 경우가 많다.
8,데코레이션,animoriginal,LET'S GO HAPPY!!,5,8,7,,,죠가사키 리카,아카기 미리아,모로보시 키라리,,,3,모로보시 키라리. 죠가사키 리카. 아카기 미리아로 구성된 패션 타입 유닛. 凸レーション라고 적기도 하는데 키라리를 중심으로 양쪽에 작은 멤버 혹은 연장자인 키라리를 중심으로 양쪽에 어린 멤버란 의미로 이해할 수도 있다.
9,*'아스테리스크',animoriginal,ØωØver!!,11,12,,,,마에카와 미쿠,타다 리이나,,,,2,마에카와 미쿠. 타다 리이나로 구성된 유닛. 한 명이 쿨 타입이지만 데레스테에선 대표곡인 [ØωØver!!]가 큐트 타입곡으로 나온다. 이유는 모르겠지만... 유닛명을 정하기 전에 [＊]라고 적어두었던 것을 치히로씨가 라틴어로 읽었다. 그것을 멤버들이 마음에 들어하여 결정된 이름. 일본어론 [アスタリスク]라고 적는데 이 게임에선 공식 자막의 표기를 따라 아스테리스크라고 적는다.
10,귀여운 나와 야구이어요,animoriginal,,17,18,19,,,코시미즈 사치코,히메카와 유키,코바야카와 사에,,,3,일본어로는 カワイイボクと野球どすえ라고 적는다. Kawaii Bokuto Yakyu Dosue 줄여서 'KBYD'라고도 부른다. 코시미즈 사치코가 귀여운 나. 히메카와 유키가 야구. 코바야카와 사에가 도스에[교토 지역어]를 맡고 있다. 애니메이션에서는 캔디 아일랜드와의 접점이 많았던 유닛
11,가짜라이카,special,,15,25,,,,아나스타샤,코히나타 미호,,,,2,데레스테 관련 니코니코동화 생방송에서는 단발성으로 우에사카 스미레와 코히나타 미호 역의 츠다 미나미가 가짜라이카[ニセライカ]란 유닛을 만들었다. 러브 라이카의 닛타 미나미를 이름이 비슷한 츠다 미나미가 맡고 있는 캐릭터 코히나타 미호로 바꾼 일종의 성우 장난 유닛.
12,아냥 미쿠냥,special,,11,15,,,,마에카와 미쿠,아나스타샤,,,,2,아이돌 LIVE 로얄 in SUMMER 때 등장한 유닛
13,사일런트 스크리머,special,,24,16,,,,모리쿠보 노노,호시 쇼코,,,,2,아이돌 LIVE 투어 카니발 in 독일 때 등장한 유닛
14,해피해피 트윈☆,special,あんきら!?狂騒曲,7,6,,,,모로보시 키라리,후타바 안즈,,,,2,아이돌 LIVE 투어 in 스페인 때 등장한 유닛이지만 신데렐라걸즈 세계관 내에서도 가장 메이저한 유닛[안키라 조합]이랄 수 있다. 동일한 구성으로 이름을 조금씩 바꾸면서 여러번 등장하였다. 최근 데레스테에서 [あんきら!?狂騒曲] 이란 듀엣곡으로도 등장하였다.
15,패밀리어 트윈,special,,4,5,,,,죠가사키 미카,죠가사키 리카,,,,2,아이돌 LIVE 투어 in 이탈리아 때 등장한 유닛. 둘의 자매 관계에 있기 때문에 많은 접점을 가지고 있다. 딱히 듀엣곡은 없는 것 같지만 2ND 콘서트에서 리카의 솔로곡 부분에 미카 역할의 성우가 등장한 적은 있다.
16,Jumpin'Joke,special,,34,8,,,,시라사카 코우메,아카기 미리아,,,,2,제9회 드림 LIVE 페스티벌 때 등장한 유닛
17,리카와 코우메의 파티 프렌즈,special,,5,34,,,,죠가사키 리카,시라사카 코우메,,,,2,산타 DE 드림 LIVE 페스티벌 때 등장한 유닛
18,스노우 페어리즈,special,,34,15,,,,시라사카 코우메,아나스타샤,,,,2,프로덕션 대항!! 드림 LIVE 페스티벌 때 등장한 유닛. 시라사카 코우메. 아나스타샤로 구성되어 있다. 동일한 구성으로 다른 이벤트에서는 하얀 요정들이란 이름으로 등장한 적도 있다.
19,NiGHT ENCOUNTER,special,,34,16,,,,시라사카 코우메,호시 쇼코,,,,2,제11회 아이돌 LIVE 로얄 때 등장한 유닛
20,WtF 미리아&코우메&리카,special,,8,34,5,,,아카기 미리아,시라사카 코우메,죠가사키 리카,,,3,제9회 아이돌 LIVE 로얄 때 등장한 유닛. 
21,Casket from SS,special,オルゴールの小箱,29,34,26,27,15,카와시마 미즈키,시라사카 코우메,카미야 나오,호죠 카렌,아나스타샤,5,데레스테 이벤트 작은 오르골 상자[オルゴールの小箱] 때 등장한 유닛. 유닛명은 보석상자란 의미이다.
22,귀여운 나와 142's,special,,17,34,16,,,코시미즈 사치코,시라사카 코우메,호시 쇼코,,,3,제1회 드림 LIVE 페스티벌 때 등장한 유닛. 코시미즈 사치코가 귀여운 나. 나머지 두명의 키가 142여서 정해진 이름
23,샤이닝 갓 체리,special,,26,16,10,,,카미야 나오,호시 쇼코,오가타 치에리,,,3,데레라지 이벤트에 각 속성별로 게스트로 온 3명에게 유닛명을 정해주는 대결이 있었다. 중2병 속성을 가진 후쿠하라 아야카[시부야 린 역할의 성우]가 포함된 쿨 팀에서 지어준 이름. 쇼코의 [輝]에서 Shining. 카미야의 [神]에서 God. 치에리에서 Cherry를 가져왔다. 멋진 이름인만큼 대결에서는 역시 쿨 팀의 승리. 데레스테의 카미야 나오의 커뮤를 보면 트라프리와 샤이닝갓체리의 조합으로 이야기가 진행된다.
24,록킹 걸,special,,9,5,12,,,미무라 카나코,죠가사키 리카,타다 리이나,,,3,아이돌 LIVE 투어 in 영국 때 등장한 유닛
25,경정소녀,special,,7,10,26,,,모로보시 키라리,오가타 치에리,카미야 나오,,,3,아이돌 LIVE 투어 카니발 in 독일 때 등장한 유닛
26,리틀 엔젤스,special,,10,13,17,,,오가타 치에리,칸자키 란코,코시미즈 사치코,,,3,아이돌 LIVE 투어 카니발 in 스페이스 월드 때 등장한 유닛
27,임시 라이카,special,,15,13,,,,아나스타샤,칸자키 란코,,,,2,애니메이션에서 여러가지 이유로 열이 나서 무대에 서지 못한 닛타 미나미를 대신하여 란코가 아나스타샤와 함께 무대에 올랐다.
28,슬리핑 버섯 with 우즈키,special,,1,6,16,,,시마무라 우즈키,후타바 안즈,호시 쇼코,,,3,히나마츠리 LIVE 투어 카니발 때 등장한 유닛
29,트라이어드 프리무스 -N.R-,friendship,,2,26,,,,시부야 린,카미야 나오,,,,2,히나마츠리 LIVE 투어 카니발 때 등장한 유닛. 트라프리에서 카렌이 빠진 구성으로 데레 3RD에선 이 구성으로 무대에 섰다. 이 풍경을 카렌에게도 보여주고 싶었는데... [카렌은 결국 ㅠㅠ???]
30,여름색 아가씨,special,,19,25,,,,코바야카와 사에,코히나타 미호,,,,2,여름 축제 DE 드림 LIVE 페스티벌 때 등장한 유닛. 동일한 구성으로 다른 이벤트[히나마츠리 LIVE 투어 카니발]에선 봄색 아가씨란 이름으로 등장하기도 했었다. 혹시 가을색이나 겨울색이 등장할 지도 모른다.
31,마그나 위치즈,special,,25,32,,,,코히나타 미호,타카모리 아이코,,,,2,마계공연 유울여왕과 할로윈 축제 때 등장한 유닛
32,스몰하트 트릭스터,special,,24,23,,,,모리쿠보 노노,사사키 치에,,,,2,마계공연 유울여왕과 할로윈 축제 때 등장한 유닛
33,해피해피 데몬 트윈&타천마왕 란코,special,,7,13,6,,,모로보시 키라리,칸자키 란코,후타바 안즈,,,3,마계공연 유울여왕과 할로윈 축제 때 등장한 유닛
34,록 더 비트,special,Jet to the Future,21,12,,,,키무라 나츠키,타다 리이나,,,,2,제1회 드림 LIVE 페스티벌 때 등장한 유닛. 신데렐라걸즈 세계관에서 가장 유명한 조합 중에 하나. 데레스테에선 [Jet to the Future] 이벤트에 등장했고 동명의 듀엣곡이 존재한다.
35,홀리 프레젠트,special,,29,17,25,,,카와시마 미즈키,코시미즈 사치코,코히나타 미호,,,3,프로덕션 대항!! 드림 LIVE 페스티벌 때 등장한 유닛
36,over the blue,special,,14,15,29,,,닛타 미나미,아나스타샤,카와시마 미즈키,,,3,제5회 드림 LIVE 페스티벌 때 등장한 유닛
37,397cherry,special,,11,20,10,,,마에카와 미쿠,아베 나나,오가타 치에리,,,3,마에카와 미쿠. 아베 나나. 오가타 치에리 때 등장한 유닛. 미쿠을 숫자로 바꿔 읽었을 때의 [39]. 동일한 방식으로 나나의 [7]. 치에리를 Cherry를 더하여 만든 이름
38,*'아스테리스크' with 나츠나나,special,,11,12,20,21,,마에카와 미쿠,타다 리이나,아베 나나,키무라 나츠키,,4,애니메이션의 아스테리스크에 리이나와 관계가 있는 나츠키에 동물 한마리[토끼]를 더한 유닛. 록 아이돌 2명과 고양이귀 아이돌 1명이 될 경우 균형이 나쁘기 때문에 토끼 아이돌[동물]인 나나를 더하여 균형을 잡자는 의미.
39,크리스마스 메모리즈,special,,20,32,27,,,아베 나나,타카모리 아이코,호죠 카렌,,,3,산타 DE 드림 LIVE 페스티벌 때 등장한 유닛
40,하이칼라 벚꽃,special,,14,11,6,,,닛타 미나미,마에카와 미쿠,후타바 안즈,,,3,꽃구경 DE 드림 LIVE 페스티벌 때 등장한 유닛
41,미오&리이나 from C.P,special,,3,12,,,,혼다 미오,타다 리이나,,,,2,제9회 드림 LIVE 페스티벌 때 등장한 유닛. 두 명은 [신데렐라 파티]라는 라디오 방송을 같이 진행하고 있다. ゴキゲンParty Night이 절대적으로 데레파 관련곡이라고 한정짓기엔 무리가 있다. 하지만 데레스테 이벤트에서 해당 곡 이벤트 보상으로 미오와 리이나를 주었다. 그리고 둘이 그려진 자켓 사진도 있는 등 어느 정도 관련은 있다고 봐도 될 것 같다.
42,란코&치에리 from 브라이덜,special,,13,10,,,,칸자키 란코,오가타 치에리,,,,2,제13회 드림 LIVE 페스티벌 때 등장한 유닛
43,나오&카렌 from 브라이덜,special,,26,27,,,,카미야 나오,호죠 카렌,,,,2,여름 축제 DE 드림 LIVE 페스티벌 때 등장한 유닛
44,마시멜로 애슬리트,special,,9,18,,,,미무라 카나코,히메카와 유키,,,,2,제15회 드림 LIVE 페스티벌 때 등장한 유닛. 아마 카나코가 마시멜로 담당. 유키가 애슬리트 담당일 것 같다.
45,LOVE LAIKA with Rosenburg Engel,special,この空の下,14,15,13,,,닛타 미나미,아나스타샤,칸자키 란코,,,3,제17회 드림 LIVE 페스티벌 때 등장한 유닛. 애니메이션에서도 이 3명이 자주 어울렸다. 미나미가 아플 때 대신 무대를 서준 것도 란코였다. 이후 3명이 유닛으로 [この空の下]란 노래를 부른 적도 있다. 비너스 신드롬을 란코가 부른 버전도 있으니 어쨌든 특별한 관계인 것 같다.
46,록 더 비트 with 우사밍,special,,20,21,12,,,아베 나나,키무라 나츠키,타다 리이나,,,3,드림 LIVE 페스티벌 신춘 SP 때 등장한 유닛. *'아스테리스크' with 나츠나나에서 미쿠가 빠진 형태
47,퍼니 데빌 ,special,,14,8,17,,,닛타 미나미,아카기 미리아,코시미즈 사치코,,,3,제3회 아이돌 LIVE 로얄 때 등장한 유닛
48,미카와 카렌의 우즈키를 귀엽게 하고싶은 부대,special,,4,27,1,,,죠가사키 미카,호죠 카렌,시마무라 우즈키,,,3,제5회 아이돌 LIVE 로얄 때 등장한 유닛. 미카와 카렌은 패션 센스가 좋다는 설정인데 비해 우즈키는 애니메이션에서도 패션에 대한 고민을 드러내는 부분이 있다. 하지만 애니메이션에서 우즈키에게 옷을 골라주는 건 오히려 키라링 선생님과 미오와 린에 미쿠와 리이나 그리고 란코였다. 결론적으로는 그냥 평상시처럼 입는 걸로 결정났다. 그리고 키라링 선생님이 네일도 해주고 머리도 정리해 주었으니 어쨌든 좋은 결론!
49,리카・린・미쿠[출장중],special,,5,2,11,,,죠가사키 리카,시부야 린,마에카와 미쿠,,,3,제7회 아이돌 LIVE 로얄 때 등장한 유닛
50,나나&미쿠 from PM,special,,20,11,,,,아베 나나,마에카와 미쿠,,,,2,제8회 아이돌 LIVE 로얄 때 등장한 유닛. 고양이와 토끼 동물 조합
51,미즈키 from PM &사치코,special,,29,17,,,,카와시마 미즈키,코시미즈 사치코,,,,2,제8회 아이돌 LIVE 로얄 때 등장한 유닛
52,사에&마유 from PM,special,,19,22,,,,코바야카와 사에,사쿠마 마유,,,,2,제8회 아이돌 LIVE 로얄 때 등장한 유닛
53,치에리&우즈키 from PM,special,,10,1,,,,오가타 치에리,시마무라 우즈키,,,,2,제8회 아이돌 LIVE 로얄 때 등장한 유닛
54,신춘 게스트 미호&나나,special,,20,25,,,,아베 나나,코히나타 미호,,,,2,제9회 아이돌 LIVE 로얄 때 등장한 유닛
55,로얄 듀오,special,,29,28,,,,카와시마 미즈키,카타기리 사나에,,,,2,아이돌 LIVE 로얄 발렌타인 SP. 제11회 아이돌 LIVE 로얄 때 등장한 유닛
56,Happy 7.27,special,,14,11,7,,,닛타 미나미,마에카와 미쿠,모로보시 키라리,,,3,제13회 아이돌 LIVE 로얄 때 등장한 유닛. 7월 27일은 미나미의 생일. 해피는 굳이 키라리와 연결짓는다고 치자. 미쿠는 왜 이 유닛에 포함되어 있는가?
57,하드 코어☆업,special,,21,16,,,,키무라 나츠키,호시 쇼코,,,,2,아이돌 LIVE 로얄 크리스마스 SP 때 등장한 유닛. 의외로 록이란 접점은 있는 편. 애니메이션에서도 유닛으로 데뷔할 뻔 했었음.
58,스위트 러버즈,special,,9,69,,,,미무라 카나코,토토키 아이리,,,,2,제2회 아이돌 LIVE 로얄 때 등장한 유닛
59,봉사 메이드`s,special,,26,19,69,,,카미야 나오,코바야카와 사에,토토키 아이리,,,3,제4회 아이돌 LIVE 로얄 때 등장한 유닛. 드림 LIVE 페스티벌 신춘 SP에서는 청소 야마토 나데시코란 이름으로 등장함.
60,마을에 사는 영애,special,,71,24,,,,사쿠라이 모모카,모리쿠보 노노,,,,2,서부공연 건슬링거 저니 때 등장한 유닛
61,C5 from SS,special,アタシポンコツアンドロイド,25,20,1,6,11,코히나타 미호,아베 나나,시마무라 우즈키,후타바 안즈,마에카와 미쿠,5,데레스테 이벤트 [アタシポンコツアンドロイド] 때 등장한 유닛. C5는 미호의 제안으로 각자의 C를 모아 정하게 되었다. 우즈키는 Cute. 미쿠는 Cat. 나나[리더]는 Challenge. 안즈는 Character. 미호는 Chance다.
62,트로피컬☆스타즈 from SS,special,Orange Sapphire,3,4,5,7,8,혼다 미오,죠가사키 미카,죠가사키 리카,모로보시 키라리,아카기 미리아,5,데레스테 이벤트 [Orange Sapphire] 때 등장한 유닛. 주얼리즈 패션 1탄의 참가 멤버인 모로보시 키라리. 죠가사키 리카. 죠가사키 미카[리더]. 아카기 미리아. 혼다 미오로 구성된 패션 유닛. 유닛명은 트로피컬한 노래라서 트로피컬 스타즈. 각 멤버들 포지션은 데코레이션 멤버가 '저마다 가장 최고인 분야가 뭘까'에 대해 수다를 나누다 정해졌는데 키라리는 5명 중 가장 해피해피. 리카는 5명 중 가장 섹시. 미카는 5명 중 가장 카리스마. 미리아는 5명 중 가장 활발. 미오는 5명 중 가장 반짝반짝이라고 한다.
63,사쿠야히메 from SS,special,パステルピンクな恋,9,17,10,22,19,미무라 카나코,코시미즈 사치코,오가타 치에리,사쿠마 마유,코바야카와 사에,5,데레스테 이벤트 [パステルピンクな恋] 때 등장한 유닛. 주얼리즈 큐트 2탄 참가 멤버인 코시미즈 사치코. 미무라 카나코[리더]. 오가타 치에리. 코바야카와 사에. 사쿠마 마유로 구성된 큐트 유닛. 유닛명은 벚꽃의 이름을 따서 정했다. 
64,쌍익의 인도자,special,,13,73,,,,칸자키 란코,하야미 카나데,,,,2,아이돌 LIVE 투어 in 하와이 때 등장한 유닛
65,GW FUN CIRCUITS,special,,1,73,30,,,시마무라 우즈키,하야미 카나데,히노 아카네,,,3,제21회 드림 LIVE 페스티벌 때 등장한 유닛
66,모노크롬 릴리,special,,73,27,,,,하야미 카나데,호죠 카렌,,,,2,제2회 아이돌 LIVE 로얄 때 등장한 유닛
67,디어 아우로라,special,,14,73,,,,닛타 미나미,하야미 카나데,,,,2,제8회 아이돌 LIVE 로얄 때 등장한 유닛
68,유류유리[옆 동네] 쿄코. 유이. 마리,special,,9,25,13,,,미무라 카나코,코히나타 미호,칸자키 란코,,,3,유류유리[ゆるゆり] 애니메이션의 쿄코[오오츠보 유카 - 카나코]. 유이[츠다 미나미 - 미호]. 마리[우치다 마아야 - 란코]로 구성된 성우 장난 유닛
69,서바게부[옆 동네] 컴비네이션,special,,1,29,26,,,시마무라 우즈키,카와시마 미즈키,카미야 나오,,,3,서바게부[さばげぶっ！] 애니메이션의 모모카[오오하시 아야카 - 우즈키]. 카요[토야마 나오 - 미즈키]. 야요이[마츠이 에리코 - 나오]로 구성된 성우 장난 유닛
70,찾아보자! 부활동[옆 동네] 컴비네이션,special,,1,11,15,,,시마무라 우즈키,마에카와 미쿠,아나스타샤,,,3,찾아보자! 부활동[여고생 수다클럽. てさぐれ！部活もの] 애니메이션의 코하루[오오하시 아야카 - 우즈키]. 유이[타카모리 나츠미 - 미쿠]. 토모미[우에사카 스미레 - 아나스타샤]로 구성된 성우 장난 유닛
71,평범한 여고생이...[옆 동네] 타지역 아이돌,special,,4,8,,,,죠가사키 미카,아카기 미리아,,,,2,평범한 여고생이 지역 아이돌을 해 보았다[普通の女子校生が【ろこどる】やってみた] 애니메이션의 타지역의 아이돌인 유키[요시무라 하루카 - 미카]. 츠바사[쿠로사와 토모요 - 미리아]로 구성된 성우 장난 유닛. 참고로 해당 애니메이션은 아이돌마스터 시리즈에 출연했던 많은 성우들이 등장한다. 신데렐라걸즈만 6명
72,숲의 수인,special,,8,75,5,,,아카기 미리아,이치하라 니나,죠가사키 리카,,,3,환상공연 영광의 슈발리에 때 등장한 유닛
73,물장구 치는 소녀들,special,,75,30,18,,,이치하라 니나,히노 아카네,히메카와 유키,,,3,동화공연 만져대는 늑대와 빨간두건 때 등장한 유닛
74,육구 애니멀즈,special,,11,75,5,,,마에카와 미쿠,이치하라 니나,죠가사키 리카,,,3,제4회 드림 LIVE 페스티벌 때 등장한 유닛
75,오징어 장미 프린세스,special,,71,75,,,,사쿠라이 모모카,이치하라 니나,,,,2,제8회 드림 LIVE 페스티벌 때 등장한 유닛. 조금 더 나이가 많은 모모카가 니나를 보살피는 형태로 자주 등장한다. 니나가 [바다의 생물] 카드 특훈 후에 입는 오징어 인형옷과 모모카의 주요 모티브인 장미. 오징어[이카]와 장미[바라]를 합쳐 [이카바라]. 이카바라는 오징어배와 발음이 같다. [오징어배]라는 것은 유아체형에게 자주 보이는 불룩 나온 배를 말하는 속칭. 정리하면 니나와 모모카로 구성된 로리유닛이라고 보면 되겠다. 참고로 모모카는 의상의 색이 홍백이므로 좋은 기운이 느껴진다는 말도 한다.
76,CD debut 니나&유키,special,,18,75,,,,히메카와 유키,이치하라 니나,,,,2,복은 안으로 DE 드림 LIVE 페스티벌 때 등장한 유닛
77,리틀 플레이어즈,special,,23,75,,,,사사키 치에,이치하라 니나,,,,2,제15회 드림 LIVE 페스티벌 때 등장한 유닛
78,오징어 장미 퓨어 프린세스,special,,23,71,75,,,사사키 치에,사쿠라이 모모카,이치하라 니나,,,3,드림 LIVE 페스티벌 세츠분 SP 때 등장한 유닛. [오징어 장미 프린세스]에 퓨어[치에]가 더해진 유닛. 니나가 왜 오징어인가 혹은 오징어 장미란 단어조합한 이유가 무엇인가 등에 대한 설명은 [오징어 장미 프린세스]를 조합해서 읽어보도록 하자. 오징어[니나]. 장미[모모카]. 퓨어[치에]가 더해진 강력한 로리유닛이라고 볼 수 있겠다.
79,야생의 각성,special,,75,5,6,,,이치하라 니나,죠가사키 리카,후타바 안즈,,,3,제20회 드림 LIVE 페스티벌 때 등장한 유닛
80,에이스 미즈키와 조력자 아카네,special,,29,30,,,,카와시마 미즈키,히노 아카네,,,,2,아이돌 LIVE 로얄 in SUMMER 때 등장한 유닛
81,신데렐라 드림 Ver.1,special,,9,8,12,,,미무라 카나코,아카기 미리아,타다 리이나,,,3,제3회 드림 LIVE 페스티벌 때 등장한 유닛. 신데렐라 드림이라는 유닛은 멤버를 조금씩 바꾸어가면서 자주 등장한다. 이 게임에서는 버전 숫자로 구분하고 있다. 
82,신데렐라 드림 Ver.2,special,,9,14,32,,,미무라 카나코,닛타 미나미,타카모리 아이코,,,3,제6회 드림 LIVE 페스티벌 때 등장한 유닛. 신데렐라 드림이라는 유닛은 멤버를 조금씩 바꾸어가면서 자주 등장한다. 이 게임에서는 버전 숫자로 구분하고 있다. 
83,신데렐라 드림 Ver.3,special,,14,11,32,,,닛타 미나미,마에카와 미쿠,타카모리 아이코,,,3,제7회 드림 LIVE 페스티벌 때 등장한 유닛. 신데렐라 드림이라는 유닛은 멤버를 조금씩 바꾸어가면서 자주 등장한다. 이 게임에서는 버전 숫자로 구분하고 있다. 
84,신데렐라 드림 Ver.4,special,,14,32,69,,,닛타 미나미,타카모리 아이코,토토키 아이리,,,3,제8회 드림 LIVE 페스티벌 때 등장한 유닛. 신데렐라 드림이라는 유닛은 멤버를 조금씩 바꾸어가면서 자주 등장한다. 이 게임에서는 버전 숫자로 구분하고 있다. 
85,신데렐라 드림 Ver.5,special,,14,19,32,,,닛타 미나미,코바야카와 사에,타카모리 아이코,,,3,제9회 드림 LIVE 페스티벌 때 등장한 유닛. 신데렐라 드림이라는 유닛은 멤버를 조금씩 바꾸어가면서 자주 등장한다. 이 게임에서는 버전 숫자로 구분하고 있다. 
86,신데렐라 드림 Ver.6,special,,14,9,12,,,닛타 미나미,미무라 카나코,타다 리이나,,,3,제13회 드림 LIVE 페스티벌 때 등장한 유닛. 신데렐라 드림이라는 유닛은 멤버를 조금씩 바꾸어가면서 자주 등장한다. 이 게임에서는 버전 숫자로 구분하고 있다. 
87,신데렐라 드림 Ver.7,special,,11,34,8,,,마에카와 미쿠,시라사카 코우메,아카기 미리아,,,3,드림 LIVE 페스티벌 신춘 SP 때 등장한 유닛. 신데렐라 드림이라는 유닛은 멤버를 조금씩 바꾸어가면서 자주 등장한다. 이 게임에서는 버전 숫자로 구분하고 있다. 
88,신데렐라 드림 Ver.8.1,special,,30,14,,,,히노 아카네,닛타 미나미,,,,2,드림 LIVE 페스티벌 세츠분 SP 때 등장한 유닛. 신데렐라 드림이라는 유닛은 멤버를 조금씩 바꾸어가면서 자주 등장한다. 이 게임에서는 버전 숫자로 구분하고 있다. 특히 세츠분 스페셜 때에는 아카네를 두고 멤버를 바꿔가면서 동명의 유닛을 다수 등장시켰다. 바뀌는 멤버는 기존 신데델라 드림에 포함되었던 멤버들. 그러나 미쿠는 없다. ㅜㅜ 그러고 보면 아카네랑 미쿠는 다른 유닛도 짠 적이 없는 것 같다.
89,신데렐라 드림 Ver.8.2,special,,30,69,,,,히노 아카네,토토키 아이리,,,,2,드림 LIVE 페스티벌 세츠분 SP 때 등장한 유닛. 신데렐라 드림이라는 유닛은 멤버를 조금씩 바꾸어가면서 자주 등장한다. 이 게임에서는 버전 숫자로 구분하고 있다. 특히 세츠분 스페셜 때에는 아카네를 두고 멤버를 바꿔가면서 동명의 유닛을 다수 등장시켰다. 바뀌는 멤버는 기존 신데델라 드림에 포함되었던 멤버들. 그러나 미쿠는 없다. ㅜㅜ 그러고 보면 아카네랑 미쿠는 다른 유닛도 짠 적이 없는 것 같다.
90,신데렐라 드림 Ver.8.3,special,,30,32,,,,히노 아카네,타카모리 아이코,,,,2,드림 LIVE 페스티벌 세츠분 SP 때 등장한 유닛. 신데렐라 드림이라는 유닛은 멤버를 조금씩 바꾸어가면서 자주 등장한다. 이 게임에서는 버전 숫자로 구분하고 있다. 특히 세츠분 스페셜 때에는 아카네를 두고 멤버를 바꿔가면서 동명의 유닛을 다수 등장시켰다. 바뀌는 멤버는 기존 신데델라 드림에 포함되었던 멤버들. 그러나 미쿠는 없다. ㅜㅜ 그러고 보면 아카네랑 미쿠는 다른 유닛도 짠 적이 없는 것 같다.
91,신데렐라 드림 Ver.8.4,special,,30,19,,,,히노 아카네,코바야카와 사에,,,,2,드림 LIVE 페스티벌 세츠분 SP 때 등장한 유닛. 신데렐라 드림이라는 유닛은 멤버를 조금씩 바꾸어가면서 자주 등장한다. 이 게임에서는 버전 숫자로 구분하고 있다. 특히 세츠분 스페셜 때에는 아카네를 두고 멤버를 바꿔가면서 동명의 유닛을 다수 등장시켰다. 바뀌는 멤버는 기존 신데델라 드림에 포함되었던 멤버들. 그러나 미쿠는 없다. ㅜㅜ 그러고 보면 아카네랑 미쿠는 다른 유닛도 짠 적이 없는 것 같다.
92,신데렐라 드림 Ver.8.5,special,,30,8,,,,히노 아카네,아카기 미리아,,,,2,드림 LIVE 페스티벌 세츠분 SP 때 등장한 유닛. 신데렐라 드림이라는 유닛은 멤버를 조금씩 바꾸어가면서 자주 등장한다. 이 게임에서는 버전 숫자로 구분하고 있다. 특히 세츠분 스페셜 때에는 아카네를 두고 멤버를 바꿔가면서 동명의 유닛을 다수 등장시켰다. 바뀌는 멤버는 기존 신데델라 드림에 포함되었던 멤버들. 그러나 미쿠는 없다. ㅜㅜ 그러고 보면 아카네랑 미쿠는 다른 유닛도 짠 적이 없는 것 같다.
93,신데렐라 드림 Ver.8.6,special,,30,9,,,,히노 아카네,미무라 카나코,,,,2,드림 LIVE 페스티벌 세츠분 SP 때 등장한 유닛. 신데렐라 드림이라는 유닛은 멤버를 조금씩 바꾸어가면서 자주 등장한다. 이 게임에서는 버전 숫자로 구분하고 있다. 특히 세츠분 스페셜 때에는 아카네를 두고 멤버를 바꿔가면서 동명의 유닛을 다수 등장시켰다. 바뀌는 멤버는 기존 신데델라 드림에 포함되었던 멤버들. 그러나 미쿠는 없다. ㅜㅜ 그러고 보면 아카네랑 미쿠는 다른 유닛도 짠 적이 없는 것 같다.
94,신데렐라 드림 Ver.8.7,special,,30,12,,,,히노 아카네,타다 리이나,,,,2,드림 LIVE 페스티벌 세츠분 SP 때 등장한 유닛. 신데렐라 드림이라는 유닛은 멤버를 조금씩 바꾸어가면서 자주 등장한다. 이 게임에서는 버전 숫자로 구분하고 있다. 특히 세츠분 스페셜 때에는 아카네를 두고 멤버를 바꿔가면서 동명의 유닛을 다수 등장시켰다. 바뀌는 멤버는 기존 신데델라 드림에 포함되었던 멤버들. 그러나 미쿠는 없다. ㅜㅜ 그러고 보면 아카네랑 미쿠는 다른 유닛도 짠 적이 없는 것 같다.
95,신데렐라 드림 Ver.8.8,special,,30,34,,,,히노 아카네,시라사카 코우메,,,,2,드림 LIVE 페스티벌 세츠분 SP 때 등장한 유닛. 신데렐라 드림이라는 유닛은 멤버를 조금씩 바꾸어가면서 자주 등장한다. 이 게임에서는 버전 숫자로 구분하고 있다. 특히 세츠분 스페셜 때에는 아카네를 두고 멤버를 바꿔가면서 동명의 유닛을 다수 등장시켰다. 바뀌는 멤버는 기존 신데델라 드림에 포함되었던 멤버들. 그러나 미쿠는 없다. ㅜㅜ 그러고 보면 아카네랑 미쿠는 다른 유닛도 짠 적이 없는 것 같다.
96,아이코&미오 from PM,special,,32,3,,,,타카모리 아이코,혼다 미오,,,,2,제8회 아이돌 LIVE 로얄 때 등장한 유닛. 포지티브 패션에서 아카네가 빠진 구성. 신데렐라걸즈 세계관 내에서 둘은 자주 엮이는 편이다.
97,Ai's,special,,32,69,,,,타카모리 아이코,토토키 아이리,,,,2,제9회 아이돌 LIVE 로얄 때 등장한 유닛. 아이코와 아이리에서 가져온 이름으로 보인다.
98,포지티브 패션 아카네&미오,friendship,情熱ファンファンファーレ,3,30,,,,혼다 미오,히노 아카네,,,,2,청춘공연 싱 어 송 때 등장한 유닛. 포지티브 패션에서 아이코가 빠진 구성. 
99,포지티브 패션,friendship,情熱ファンファンファーレ,3,30,32,,,혼다 미오,히노 아카네,타카모리 아이코,,,3,제1회 드림 LIVE 페스티벌 때 등장한 유닛. 패션 타입을 대표하는 유닛. 그만큼 멤버들끼리 자주 등장한다. 애니메이션에서는 다 따로 노는 모습을 보였지만...
100,수증기 소녀,special,,22,33,,,,사쿠마 마유,호리 유코,,,,2,전국공연 풍래검객전 때 등장한 유닛
101,월야의 가희,special,,22,2,33,,,사쿠마 마유,시부야 린,호리 유코,,,3,아이돌 LIVE 투어 카니발 in 스페이스 월드 때 등장한 유닛
102,쇼코&유코 from PM,special,,16,33,,,,호시 쇼코,호리 유코,,,,2,제8회 아이돌 LIVE 로얄 때 등장한 유닛
103,사이킥 히츠,special,,33,30,,,,호리 유코,히노 아카네,,,,2,제7회 아이돌 LIVE 로얄 때 등장한 유닛. 아마 사이킥이 유코. 히츠가 아카네를 의미하는 것으로 보인다.
104,절권s from SS,special,絶対特権主張しますっ！,30,33,32,16,69,히노 아카네,호리 유코,타카모리 아이코,호시 쇼코,토토키 아이리,5,데레스테 이벤트 [絶対特権主張しますっ！] 때 등장한 유닛. 주얼리즈 패션 2탄 참가 멤버인 히노 아카네. 호리 유코. 타카모리 아이코. 호시 쇼코. 토토키 아이리[리더]로 구성된 패션 유닛. 유닛명은 절대특권의 약자에 복수형인 s를 붙인 이름이다. 미오가 속한 트로피컬 스타즈가 트로피컬한 노래라서 그렇게 지었다는 아이코의 말에 아카네가 [절대특권주장합니닷 줄여서 절권!]이라고 하자 유코가 [그럼 절권즈로 하죠!]라는 것에 프로듀서가 승낙하면서 지어진 이름.
105,MYSTIQUES,special,,34,33,,,,시라사카 코우메,호리 유코,,,,2,제8회 드림 LIVE 페스티벌 때 등장한 유닛
106,아이카츠[옆 동네] 스타라이트 학원,special,,1,8,21,35,,시마무라 우즈키,아카기 미리아,키무라 나츠키,나카노 유카,,4,아이카츠[アイカツ! -アイドルカツドウ!] 애니메이션에 등장하는 스타라이트 학원 소속 멤버인 란[오오하시 아야카 - 우즈키]. 오토메[쿠로사와 토모요 - 미리아]. 사쿠라[야스노 키요노 - 나츠키]. 아카리[시모지 시노 - 유카]로 구성된 성우 장난 유닛. 참고로 이렇게 4명 유닛을 작성한 이후에 아이카츠 스타라이트 학원 소속 성우 2명이 신데렐라걸즈에 참가하면서 결국 별도의 유닛을 추가하게 되었다.
107,정의의 철격 히어로즈,special,,30,35,,,,히노 아카네,나카노 유카,,,,2,강철공연 키라링 로보 - 습래! 코스메티아 제국 때 등장한 유닛
108,상쾌한 스포츠 소녀,special,,35,2,18,,,나카노 유카,시부야 린,히메카와 유키,,,3,제20회 드림 LIVE 페스티벌 때 등장한 유닛
109,메이거스 3자매,special,,9,7,6,,,미무라 카나코,모로보시 키라리,후타바 안즈,,,3,파이널 판타지 시리즈에 등장하는 세 자매 캐릭터. 뚱뚱한 장녀 마그[マグ/Cindy]. 꺽다리 차녀 도그[ドグ/Sandy]. 그리고 꼬맹이 막내 라그[ラグ/Mindy] 순이며 일단 전통적으로 가장 강한 건 막내 라그. 이름은 도구라 마구라에서 따왔으며 검은 삼연성에서 캐릭터 모티브를 딴 것으로 보인다. 고유의 합체 필살기 역시 제트 스트림 어택을 딴 델타 어택[デルタアタック/Delta Attack]이다. 뚱보/키다리/꼬맹이 3명의 여성이 모여 있으면 높은 확률로 이것의 오마쥬라고 봐도 무방할 정도. 그렇다 보니 뚱보를 상징하는 누군가. 키다리를 상징하는 누군가. 키다리 옆에 붙어 있는 꼬맹이를 상징하는 누군가를 두고 메이거스 3자매란 별명이 붙었다.
110,섹시 길티,special,,28,39,33,,,카타기리 사나에,오이카와 시즈쿠,호리 유코,,,3,제1회 드림 LIVE 페스티벌 때 등장한 유닛. 섹시와 범죄에 관련된[?] 캐릭터들로 엮인 유닛. 사나에와 시즈쿠는 설명할 필요가 없는 거유와 폭유 캐릭터이다. 거기에 유코의 의상은 배꼽을 노출했거나 온천에서 수건 한장만 걸치는 등. 제법 노출도가 있다. 픽시브 백과사전에 의하면 길티인 이유는 사나에는 전직 여경. 시즈쿠는 음란물 진열죄. 유코는 초능력자 사칭 사기죄. 사나에 카드에서 같이 등장하기도 한다. 애니메이션에도 유닛으로서 등장한다. 데레스테에서도 스토리 커뮤에서 같이 등장한다.
111,L.M.B.G,special,,23,40,,,,사사키 치에,요코야마 치카,,,,2,Little Marching Band Girls[L.M.B.G.]의 줄임말. 처음엔 치에와 치카로 시작했는데. 멤버들이 계속 늘어서 소속 멤버가 열 명이 넘는다.
112,해피해피☆2DAYS 버스데이,special,,41,7,6,,,마츠모토 사리나,모로보시 키라리,후타바 안즈,,,3,제15회 드림 LIVE 페스티벌 때 등장한 유닛
113,섹시 경장 사나에&꼬마 순경 카오루,special,,28,43,,,,카타기리 사나에,류자키 카오루,,,,2,괴도공연 아름다운 추적자 때 등장한 유닛
114,북국의 동물원,special,,44,39,,,,아이카와 치나츠,오이카와 시즈쿠,,,,2,제9회 아이돌 LIVE 로얄 때 등장한 유닛
115,귀여운 나와 큐티 산타,special,,45,17,25,,,이가라시 쿄코,코시미즈 사치코,코히나타 미호,,,3,아이돌 LIVE 로얄 크리스마스 SP 때 등장한 유닛. 귀여운 나[사치코]와 나머지가 큐티 산타인 것 같다.
116,낙원의 머메이드,special,,45,40,,,,이가라시 쿄코,요코야마 치카,,,,2,해적공연 오션 크루즈 때 등장한 유닛
117,핑크 체크 스쿨,initialcostume,ラブレター,1,25,45,,,시마무라 우즈키,코히나타 미호,이가라시 쿄코,,,3,멤버들의 노멀 특훈 의상이 전부 같았기 때문에 한 팀이라는 개념은 있었다. 그러나 '핑크 체크 스쿨'이라는 의상명이 알려진 건 푸치데렐라 등장 후[2014년]라고 한다. 그 이전에는 '우즈미호쿄코'라고 불렀다고 한다. 제대로 된 푸쉬는 받지 못하고 버림받는 게 아닌가 했으나... 데레스테에서 별도 이벤트도 배정받고 유닛곡도 받는 등 큐트 대표 유닛으로 다시 태어나는 중이다.
118,맛있는 가을,special,,46,69,16,,,시이나 노리코,토토키 아이리,호시 쇼코,,,3,제16회 드림 LIVE 페스티벌 때 등장한 유닛. 음식이라고 하면 도너츠. 케익. 버섯 정도가 떠오르는 조합이다.
119,발렌타인 1st,special,,23,46,32,,,사사키 치에,시이나 노리코,타카모리 아이코,,,3,제5회 드림 LIVE 페스티벌 때 등장한 유닛
120,팜므 파탈 듀오,special,,44,47,,,,아이카와 치나츠,타카하시 레이코,,,,2,산타 DE 드림 LIVE 페스티벌 때 등장한 유닛
121,팜므 파탈 트루아,special,,70,44,47,,,미후네 미유,아이카와 치나츠,타카하시 레이코,,,3,제3회 아이돌 LIVE 로얄 때 등장한 유닛
122,어른 여자. 이렇게 말하다,special,,29,47,,,,카와시마 미즈키,타카하시 레이코,,,,2,드림 LIVE 페스티벌 세츠분 SP 때 등장한 유닛
123,고양이 눈 세자매,special,,11,37,47,,,마에카와 미쿠,아야세 호노카,타카하시 레이코,,,3,괴도공연 아름다운 추적자 때 등장한 유닛
124,Snow Wings from SS,special,Snow Wings,49,2,1,3,31,오오츠키 유이,시부야 린,시마무라 우즈키,혼다 미오,카미죠 하루나,5,데레스테의 두번째 오리지널 곡인 Snow Wings를 부른 유닛. 뉴 제너레이션에 유이와 하루나가 추가된 조합.
125,사쿠라 블로섬,special,,44,49,,,,아이카와 치나츠,오오츠키 유이,,,,2,아이돌 LIVE 투어 in 스페인 때 등장한 유닛. 벚꽃 흩날리는 꽃구경에서 얻을 수 있는 [꽃구경] 노멀 카드에서 온 것으로 보인다. 게임 내 대사 중에 유닛이라고 지칭된 것은 최초라고 한다. [동일 복장의 아이돌로 만든 유닛 중에 최초라는 의미]
126,갸루즈[?] 프레젠트,special,,49,4,29,,,오오츠키 유이,죠가사키 미카,카와시마 미즈키,,,3,아이돌 LIVE 로얄 크리스마스 SP 때 등장한 유닛. 유이와 미카가 갸루란 건 알겠고... 미즈키???? 와카라나이와! 데레스테 로딩 때 나오는 그림에서는 카렌과 미카에게 갸루 메이크업을 해줄 것을 요청하기도 하는 걸 보면 뭔가 접점이 있긴 한 것 같다.
127,사쿠라☆사쿠라 블로섬,special,,35,44,49,,,나카노 유카,아이카와 치나츠,오오츠키 유이,,,3,아이돌 LIVE 로얄 꽃구경 SP 때 등장한 유닛. 사쿠라 블로섬이란 유닛에 유카가 추가된 조합. 벚꽃 흩날리는 꽃구경 이벤트에서 얻을 수 있는 유카 레어 카드 [꽃구경]과 관련된 조합으로 보인다.
128,snow glasses,special,,49,31,,,,오오츠키 유이,카미죠 하루나,,,,2,드림 LIVE 페스티벌 세츠분 SP 때 등장한 유닛. 하루나 하면 안경이지만... 유이는 딱히 안경과의 접점은 없어 보인다. 굳이 찾자면 카드 중에 변장을 위해 안경을 쓴 적은 있다. 유이와 하루나는 같이 snow wings를 부른 멤버이기도 하니까 거기서 가져온 것 같은데... 뭔가 딱 떨어지지 않는 그룹명이란 생각이 든다.
129,크레이지 산타,special,,71,52,16,,,사쿠라이 모모카,키타미 유즈,호시 쇼코,,,3,프로덕션 대항!! 드림 LIVE 페스티벌 때 등장한 유닛
130,미복의 공주,special,,53,25,,,,토고 아이,코히나타 미호,,,,2,전국공연 천마의난 때 등장한 유닛
131,레드 발라드 eq Ver.1,initialcostume,,42,44,53,,,쿠로카와 치아키,아이카와 치나츠,토고 아이,,,3,초기 의상인 붉은색 롱드레스 의상을 공통으로 가지는 레드 발라드 팀 중의 일부로 구성된 유닛. 이 게임에서는 조합 방식에 따라서 버전을 따로 구분해 두었다.
132,레드 발라드 eq Ver.2,initialcostume,,42,44,63,,,쿠로카와 치아키,아이카와 치나츠,키리노 아야,,,3,초기 의상인 붉은색 롱드레스 의상을 공통으로 가지는 레드 발라드 팀 중의 일부로 구성된 유닛. 이 게임에서는 조합 방식에 따라서 버전을 따로 구분해 두었다.
133,레드 발라드 eq Ver.3,initialcostume,,42,44,47,,,쿠로카와 치아키,아이카와 치나츠,타카하시 레이코,,,3,초기 의상인 붉은색 롱드레스 의상을 공통으로 가지는 레드 발라드 팀 중의 일부로 구성된 유닛. 이 게임에서는 조합 방식에 따라서 버전을 따로 구분해 두었다.
134,레드 발라드,initialcostume,,42,63,47,44,53,쿠로카와 치아키,키리노 아야,타카하시 레이코,아이카와 치나츠,토고 아이,5,초기 의상인 붉은색 롱드레스 의상을 공통으로 가지는 레드 발라드 팀. 아쉽게도 5명 모두 성우가 없다.
135,카나☆카나☆팬시,dreamlivefestival,,9,54,,,,미무라 카나코,이마이 카나,,,,2,제1회 드림 LIVE 페스티벌 때 등장한 유닛. 이름의 공통된 부분에서 유래된 이름으로 보인다.
136,틴 유닛 [리틀 프렌즈],special,,43,23,55,,,류자키 카오루,사사키 치에,야나세 미유키,,,3,아이돌 LIVE 투어 in USA 때 등장한 유닛. 라이브 투어 카니발 in 독일 이후로 유닛명이 리틀 프렌즈로 변경되었다. 이 게임에서는 유닛명에 두 개의 이름 모두 표시하였다.
137,술집의 무녀,special,,57,28,53,,,모모이 아즈키,카타기리 사나에,토고 아이,,,3,아이돌 LIVE 투어 카니발 in 독일 때 등장한 유닛으로 원래 이름은 오우카코마치였다. 이후에 환상공연 영광의 슈발리에에서 술집의 무녀란 이름으로 등장하였다. 이 게임에서는 오우카코마치란 단어의 의미를 전달하기 어려울 것 같아서 후자의 이름을 선택하였다. 참고로 오우카코마치는 桜花小町라고 쓰며 봄의 벚꽃축제에서 한정 레어 카드[벚꽃축제]로 등장했던 멤버들로 구성된 동일 스타일 복장 유닛이다.
138,벚꽃축제's,special,,43,57,53,,,류자키 카오루,모모이 아즈키,토고 아이,,,3,꽃구경 DE 드림 LIVE 페스티벌 때 등장한 유닛. 오우카코마치의 구성 유닛에서 사나에가 빠지고 카오루가 추가된 유닛. 오우카코마치에 대한 설명은 [술집의 무녀]를 조합하고 설명을 읽어보도록 하자. 봄의 벚꽃축제에서 얻을 수 있는 카오루의 벚꽃색소녀[桜色少女] S레어카드의 특훈 후가 오우카코마치의 멤버들의 레어카드 [벚꽃축제]와 비슷한 분위기와 배색을 가지고 있는데 아마도 이것이 유닛 조합에 관련있는 것 같다.
139,프릴드 스퀘어 시노부&호노카,friendship,,68,37,,,,쿠도 시노부,아야세 호노카,,,,2,제4회 드림 LIVE 페스티벌 때 등장한 유닛. 프릴드 스퀘어란 이름은 해당 페스티벌에서 아야세 호노카. 쿠도 시노부 두 명의 조합으로 시작한다. 이후 다른 멤버가 추가되어 나중에 4명의 멤버를 조합한 유닛을 프릴드 스퀘어라 부른다.
140,프릴드 스퀘어 유즈&아즈키,friendship,,52,57,,,,키타미 유즈,모모이 아즈키,,,,2,제9회 아이돌 LIVE 로얄 때 등장한 유닛. 최초에 등장한 프릴드 스퀘어에 두 명이 추가되었다. 현재는 프릴드 스퀘어라고 하면 네 명의 조합을 의미한다. 전국공연 풍래검객전에서는 일본 소녀 from 프릴드 스퀘어로도 등장하였다.
141,프릴드 스퀘어 eq,friendship,,68,37,52,,,쿠도 시노부,아야세 호노카,키타미 유즈,,,3,제4회 아이돌 LIVE 로얄 때 등장한 유닛. 프릴드 스퀘어의 초기 멤버에 유즈가 추가되면서 구성된 유닛.
142,프릴드 스퀘어,friendship,,68,37,52,57,,쿠도 시노부,아야세 호노카,키타미 유즈,모모이 아즈키,,4,제4회 드림 LIVE 페스티벌 때 등장한 유닛. 프릴드 스퀘어란 이름은 해당 페스티벌에서 아야세 호노카. 쿠도 시노부 두 명의 조합으로 시작한다. 이후 멤버가 추가 혹은 변경되면서 현재 프릴드 스퀘어라고 하면 이 4명의 조합을 의미한다. 대단한 공통점이 없다는 점이 특징이지만 이들을 묶는 대표적인 키워드가 피냐코라타. 어떤 의미에서 멤버 4명보다 피냐코라타 쪽이 더 지명도가 높은 게 아닐까하는 의심이 든다.
143,프릴드 스퀘어 SP,friendship,,68,37,52,57,1,쿠도 시노부,아야세 호노카,키타미 유즈,모모이 아즈키,시마무라 우즈키,5,프릴드 스퀘어 4명에 그들의 공통 키워드라고 할 수 있는 피냐코라다[오오하시 아야카 - 우즈키]를 더한 스페셜 유닛. 물론 실제로 이런 유닛은 게임에서 언급된 적은 없고 사람들의 드립으로 만들어진 성우 장난 유닛이다.
144,훈훈? 애니멀즈,special,,75,47,59,,,이치하라 니나,타카하시 레이코,하야사카 미레이,,,3,제2회 수영복DE 드림 LIVE 페스티벌 때 등장한 유닛. 일본어로는 ほのぼの?アニマルズ라고 적는다. 멤버로만 보면 어쩌다가 이런 조합이 나왔는지는 잘 모르겠다. 그러나 유닛명과 대사 중에 [저건 늑대가 아닌가요? 저것도 고양이가 아닌가요? 그럼 뭐에요?] 이런 식으로 말하는 부분이 있는 것으로 볼 때는 늑대[미레이]. 표범[레이코]에 오징어[니나]로 구성된 라이벌이 아니었을까 근거없이 추측하고 있다.
145,대접하는 메이드씨,special,,19,59,,,,코바야카와 사에,하야사카 미레이,,,,2,제8회 드림 LIVE 페스티벌 때 등장한 유닛
146,조직의 광견,special,,59,16,,,,하야사카 미레이,호시 쇼코,,,,2,쿵푸공연 홍콩대결전 때 등장한 유닛
147,인디비쥬얼즈,special,,59,24,16,,,하야사카 미레이,모리쿠보 노노,호시 쇼코,,,3,제1회 아이돌 LIVE 로얄 때 등장한 유닛. 아이돌 LIVE 로얄 달구경 SP에서 달밤의 가인 ~인디비쥬얼즈 편~ 이란 유닛명으로도 등장하였다.
148,멜로우 옐로,special,,35,46,60,,,나카노 유카,시이나 노리코,미즈모토 유카리,,,3,제11회 아이돌 LIVE 로얄 때 등장한 유닛. 아이돌 LIVE 로얄 달구경 SP에서는 달밤의 가인~멜로우 옐로 편~ 이란 이름으로도 등장하였다. 옐로 릴리에서 파생된 유닛으로 볼 수 있다. 이 유닛의 3명은 모두 성우가 있지만... 옐로 릴리에 속한 나머지 2명은 유감스럽게도 성우가 배정되지 않았다.
149,스트레이트 플루트,special,,35,60,,,,나카노 유카,미즈모토 유카리,,,,2,복은 안으로 DE 드림 LIVE 페스티벌 때 등장한 유닛. 멜로우 옐로에서 노리코가 빠진 구성인데 아마도 카라데를 하는 유카가 스트레이트. 유카리가 플루트를 의미하는 것으로 보인다. 그렇다면 멜로우 옐로는 스트레이트 도넛 플루트라고 불러도 되지 않을까?
150,옐로 릴리 eq Ver.1,initialcostume,,35,46,58,,,나카노 유카,시이나 노리코,마나카 미사토,,,3,아이돌 LIVE 투어 in USA 때 등장한 유닛. 초기엔 유카. 노리코. 미사토로 구성되었고 이후 멤버가 추가되었다. 그래서 보통 옐로 릴리라고 하면 5명을 의미한다. 
151,옐로 릴리 eq Ver.2,initialcostume,,35,46,60,,,나카노 유카,시이나 노리코,미즈모토 유카리,,,3,제5회 라이브 투어 때 등장한 유닛. 초기 옐로 릴리에서 미사토가 빠지고 미즈모토 유카리가 합류했다. 이때도 옐로 릴리라고 불렀는데... 나중에는 이 3명을 따로 멜로우 옐로라고 분리하여 따로 등장시킨다. 이 게임에서는 이 3명의 조합을 멜로우 옐로로도 옐로 릴리로도 조합할 수 있게 설정하였다.
152,옐로 릴리,initialcostume,,35,60,46,54,58,나카노 유카,미즈모토 유카리,시이나 노리코,이마이 카나,마나카 미사토,5,백합을 연상시키는 디자인의 특훈후 의상을 공유하는 멤버들의 조합. 다섯 중 한 명도 총선거 상위에 들어본 적이 없다고 하는 슬픈 전설[?]을 가지고 있다. 언젠가 이 설명을 변경할 날이 올 것이라고 믿는다. 멤버 중 3명은 멜로우 옐로로 독립하였고 목소리도 배정받았다.
153,흡혈백작과 공작부인,special,,61,16,,,,모치다 아리사,호시 쇼코,,,,2,마계공연 유울여왕과 할로윈 축제 때 등장한 유닛
154,모리쿠보 가문의 사람들,special,,61,24,,,,모치다 아리사,모리쿠보 노노,,,,2,괴도공연 아름다운 추적자 때 등장한 유닛. 어쩌다가 아리사가 모리쿠보 가문의 사람이 된걸까?
155,유카타축제13's,special,,41,61,39,,,마츠모토 사리나,모치다 아리사,오이카와 시즈쿠,,,3,신춘 LIVE 투어 카니발 때 등장한 유닛
156,핑크 도트 벌룬 eq,initialcostume,,9,61,10,,,미무라 카나코,모치다 아리사,오가타 치에리,,,3,아이돌 LIVE 투어 in USA 때 등장한 유닛. 원래는 물방울무늬 원피스의 4인이지만 이벤트 유닛은 3명으로 등장했다.
157,핑크 도트 벌룬,initialcostume,,9,61,10,55,,미무라 카나코,모치다 아리사,오가타 치에리,야나세 미유키,,4,물방울무늬 원피스으로 공통 초기복장을 가진 4명으로 구성된 유닛. 리더는 아리사이다.
158,귀가부의 소녀들,special,,62,16,6,,,아라키 히나,호시 쇼코,후타바 안즈,,,3,청춘공연 싱 어 송 때 등장한 유닛. 일본어로는 [帰宅部の少女達]라고 쓰는데 귀택부의 소녀들이라고 읽을 수 있다. 한국에서는 귀택이란 표현보다는 귀가란 표현을 많이 쓰므로 이 게임에서는 귀가부의 소녀들이란 표현을 사용하였다. 특별한 부활동을 하지 않고 빨리 집에 가고 싶어할 것 같은 멤버로 구성되어 있다. 위키에는 귀구부의 소녀들이라고 적혀있다. 위키에 적힌 귀구부는 귀가부의 오타일지도 모른다.
159,블루 나폴레옹 eq Ver.1,initialcostume,,41,62,31,,,마츠모토 사리나,아라키 히나,카미죠 하루나,,,3,아이돌 LIVE 투어 in USA 때 등장한 유닛. 기본적으로는 공통의 초기복장을 가진 멤버로 구성된 유닛이지만 이벤트에는 이렇게 3명으로 등장하였다.
160,블루 나폴레옹 eq Ver.2,initialcostume,,41,62,29,,,마츠모토 사리나,아라키 히나,카와시마 미즈키,,,3,제4회 라이브 투어 때 등장한 유닛. 기본적으로는 공통의 초기복장을 가진 멤버로 구성된 유닛이지만 이벤트에는 전원이 아닌 일부만 등장하였다. 이전 이벤트[아이돌 LIVE 투어 in USA]에서 등장했던 유닛에서 하루나가 빠지고 카와시마 미즈키가 합류했다.
161,블루 나폴레옹,initialcostume,,41,62,31,29,23,마츠모토 사리나,아라키 히나,카미죠 하루나,카와시마 미즈키,사사키 치에,5,공통의 초기복장을 가진 멤버로 구성된 유닛. 청색 기반 의상에 모자가 공통이며 그 외의 디테일은 다양한 편이라고 한다. 애니메이션에도 등장한 유닛이다. 매우 연장자인 멤버와 매우 어린 멤버들이 동시에 속해 있는데... 치에의 [어른의 포즈를 알려달라]는 사리나의 대응이라든가... 동인작가에 안경바보까지 치에의 성장에 썩 좋은 환경은 아닌 것 같다는 걱정이 된다.
162,카나리아 서머 eq,initialcostume,,65,49,18,,,아이노 나기사,오오츠키 유이,히메카와 유키,,,3,아이돌 LIVE 투어 in USA 때 등장한 유닛. 노란색. 주황색. 흰색이 배합된 공통의 초기복장을 가진 패션타입 멤버로 구성된 유닛인 카나리아 서머가 이벤트에는 전원이 아닌 3명만 등장하였다. 
163,카나리아 서머,initialcostume,,43,65,49,18,,류자키 카오루,아이노 나기사,오오츠키 유이,히메카와 유키,,4,노란색. 주황색. 흰색이 배합된 공통의 초기복장을 가진 패션타입 멤버로 구성된 유닛이다. 이후에는 같이 엮이는 일이 많지는 않은 것 같다. 하지만 성우가 배정되지 않은 나기사를 제외하면 나머지 멤버들은 이후 왕성한 활동 중이다.
164,로얄 섬머 치아키・요코,special,,42,66,,,,쿠로카와 치아키,사이토 요코,,,,2,아이돌 LIVE 로얄 in SUMMER 때 등장한 유닛
165,라이트그린 세이프 eq Ver.1,initialcostume,,21,66,56,,,키무라 나츠키,사이토 요코,마나베 이츠키,,,3,아이돌 LIVE 투어 in USA 때 등장한 유닛. 라이트그린 세이프는 녹색의 비늘무늬 셔츠가 눈에 띄는 공통의 초기복장을 가진 패션타입 유닛이다. 원래는 4명이지만 이벤트에서는 3명만 등장하였다.
166,라이트그린 세이프 eq Ver.2,initialcostume,,66,50,56,,,사이토 요코,사와다 마리나,마나베 이츠키,,,3,제4회 라이브 투어 때 등장한 유닛. 라이트그린 세이프는 녹색의 비늘무늬 셔츠가 눈에 띄는 공통의 초기복장을 가진 패션타입 유닛이다. 이전의 이벤트[아이돌 LIVE 투어 in USA]에 등장했던 조합과 비교하면 나츠키가 빠지고 사와다 마리나가 합류했다.
167,라이트그린 세이프,initialcostume,,21,66,50,56,,키무라 나츠키,사이토 요코,사와다 마리나,마나베 이츠키,,4,녹색의 비늘무늬 셔츠가 눈에 띄는 공통의 초기복장을 가진 패션타입 유닛이다. 나츠키를 제외하며 모두 인지도가 낮은 멤버들이다.
168,사쿠라와 모모카의 벚꽃 축제,special,,71,67,,,,사쿠라이 모모카,무라마츠 사쿠라,,,,2,꽃구경 DE 드림 LIVE 페스티벌 때 등장한 유닛
169,스프링 핑크스,special,,71,67,34,,,사쿠라이 모모카,무라마츠 사쿠라,시라사카 코우메,,,3,제20회 드림 LIVE 페스티벌 때 등장한 유닛
170,장옥의 아가씨,special,,29,70,,,,카와시마 미즈키,미후네 미유,,,,2,전국공연 천마의난 때 등장한 유닛
171,해프닝 산타,special,,70,62,26,,,미후네 미유,아라키 히나,카미야 나오,,,3,프로덕션 대항!! 드림 LIVE 페스티벌 때 등장한 유닛
172,해피 웨딩,special,,70,22,18,,,미후네 미유,사쿠마 마유,히메카와 유키,,,3,제5회 아이돌 LIVE 로얄 때 등장한 유닛.
173,D.L.F.S,special,,74,10,19,,,사기사와 후미카,오가타 치에리,코바야카와 사에,,,3,제7회 드림 LIVE 페스티벌 때 등장한 유닛. Dream Live Festival까지는 알겠는데 S의 의미는 잘 모르겠다. 유닛 설명을 읽어 보면 과거의 드림 라이브 페스티벌에서 상위보상이었던 아이돌로 구성된 유닛이라고 적혀 있다. 설명을 읽어도 S의 의미는 잘 모르겠다.
174,소악마 발렌타인's,special,,7,74,71,,,모로보시 키라리,사기사와 후미카,사쿠라이 모모카,,,3,아이돌 LIVE 로얄 발렌타인 SP 때 등장한 유닛
175,독서가 언니와 변덕쟁이 고양이,special,,11,74,,,,마에카와 미쿠,사기사와 후미카,,,,2,동화공연 변덕쟁이 앨리스와 이상한 나라 때 등장한 유닛. 유닛명만 봐도 멤버가 누구인지 대략 예상할 수 있을 것 같다.
176,평범한 여고생이...[옆 동네] 컴비네이션,special,,25,26,46,74,,코히나타 미호,카미야 나오,시이나 노리코,사기사와 후미카,,4,평범한 여고생이 지역 아이돌을 해 보았다[普通の女子校生が【ろこどる】やってみた] 애니메이션에 등장한 캐릭터들의 성우가 신데렐라걸즈의 성우와 겹친다는 이유로 만든 성우 장난 유닛이다. 무려 6명이나 겹치기 때문에  타지역의 아이돌인 유키와 츠바사로 하나를 구성하고 나머지 출연자들로 다른 하나의 유닛을 구성하였다. 미사토[츠다 미나미- 미호]. 카오루[마츠이 에리코 - 나오]. 아키라[토마루 치요 - 노리코]. 토모코[M.A.O - 후미카]로 구성되어 있다.
177,사쿠라의 폭신☆셰프,special,,67,76,,,,무라마츠 사쿠라,타치바나 아리스,,,,2,제8회 드림 LIVE 페스티벌 때 등장한 유닛
178,숲의 요정들,special,,77,76,,,,아이바 유미,타치바나 아리스,,,,2,환상공연 영광의 슈발리에 때 등장한 유닛
179,아인헤랴르[Einherjar] from SS,special,生存本能ヴァルキュリア,14,32,74,76,77,닛타 미나미,타카모리 아이코,사기사와 후미카,타치바나 아리스,아이바 유미,5,데레스테 이벤트 [生存本能ヴァルキュリア] 때 등장한 유닛. 유닛 이름의 유래인 Einherjar는 본래 북유럽 신화에서 발키리의 인도를 받아 전장에서 사망한 후 발할라로 향하는 용사들의 혼령을 의미한다고 한다.
180,섬머 파라다이스,special,,11,15,77,,,마에카와 미쿠,아나스타샤,아이바 유미,,,3,제2회 수영복DE 드림 LIVE 페스티벌 때 등장한 유닛
181,Flowery,special,,77,32,,,,아이바 유미,타카모리 아이코,,,,2,제13회 드림 LIVE 페스티벌 때 등장한 유닛
182,해피 허즈 컴☆,special,,77,49,28,,,아이바 유미,오오츠키 유이,카타기리 사나에,,,3,제20회 드림 LIVE 페스티벌 때 등장한 유닛
183,다케다 신겐･시마즈 요시히로,special,,61,65,,,,모치다 아리사,아이노 나기사,,,,2,전국공연 천마의난 때 등장한 유닛
184,파워풀 아스리테스,special,,56,65,,,,마나베 이츠키,아이노 나기사,,,,2,제8회 드림 LIVE 페스티벌 때 등장한 유닛
185,큐티 오너먼트,special,,71,64,78,,,사쿠라이 모모카,야구치 미우,후지모토 리나,,,3,아이돌 LIVE 로얄 크리스마스 SP 때 등장한 유닛. 오너먼트라고 하면 장식이란 의미이다. 이벤트를 고려한다면 아마도 크리스마스 트리에 다는 장식을 의미하는 것으로 보인다.
186,섹시 갸루즈,special,,49,4,78,,,오오츠키 유이,죠가사키 미카,후지모토 리나,,,3,아이돌 LIVE 투어 카니발 in 독일 때 등장한 유닛. 애니메이션에도 등장했었다. 신데델라걸즈에서 리카를 제외하면 가장 갸루의 이미지가 강한 3명으로 구성된 유닛이다.
187,섹시 리틀 갸루즈,special,,49,5,78,,,오오츠키 유이,죠가사키 리카,후지모토 리나,,,3,제15회 드림 LIVE 페스티벌 때 등장한 유닛. 신데렐라걸즈 세계관에서 미카를 제외하면 가장 갸루의 이미지가 강한 멤버로 구성되어 있다. 아마도 미카가 아닌 리카가 포함되어 있어 리틀이란 단어가 붙은 것으로 추측된다.
188,맑은 물의 수호신,special,,62,29,,,,아라키 히나,카와시마 미즈키,,,,2,미식공연 여신에게 바치는 진수성찬 때 등장한 유닛
189,사이버 글라스,special,,62,31,,,,아라키 히나,카미죠 하루나,,,,2,제1회 드림 LIVE 페스티벌 때 등장한 유닛. 둘 다 안경을 쓰는 멤버이다. 히나가 특훈 후에는 안경을 자주 벗긴 하지만 말이다. 히나의 [사이버 글라스] 카드는 특훈 후에도 사이버틱한 안경을 쓰고 있는데. 이것은 하루나의 [안경 프린세스] 특훈 후에 쓰고 있는 안경과 비슷한 분위기를 풍긴다.
190,레드 BP,special,,23,62,31,,,사사키 치에,아라키 히나,카미죠 하루나,,,3,아이돌 LIVE 로얄 크리스마스 SP 때 등장한 유닛.
191,사나다 요시무라・다케다 신겐,special,,40,61,,,,요코야마 치카,모치다 아리사,,,,2,전국공연 풍래검객전 때 등장한 유닛. 치카의 [붉은 무사]카드를 보면 검을 들고 있는데 아마 사나다 요시무라를 의미하는 것 같다. 아리사의 [甲斐のウサトラ]카드는 그녀의 이미지 중의 하나인 토끼로 패러디한 다케다 신겐[그의 이명 - 甲斐の虎]을 의미하는 것으로 보인다.
192,큐티 섬머,special,,61,9,55,,,모치다 아리사,미무라 카나코,야나세 미유키,,,3,제2회 수영복DE 드림 LIVE 페스티벌 때 등장한 유닛
193,숲의 마녀와 마을 사람,special,,60,65,,,,미즈모토 유카리,아이노 나기사,,,,2,동화공연 만져대는 늑대와 빨간두건 때 등장한 유닛
194,마고양이와 메이드,special,,11,37,59,,,마에카와 미쿠,아야세 호노카,하야사카 미레이,,,3,마계공연 유울여왕과 할로윈 축제 때 등장한 유닛
195,미야기 친선대사,special,,22,37,59,,,사쿠마 마유,아야세 호노카,하야사카 미레이,,,3,제15회 드림 LIVE 페스티벌 때 등장한 유닛
196,파자마 파티,special,,58,10,29,,,마나카 미사토,오가타 치에리,카와시마 미즈키,,,3,제4회 드림 LIVE 페스티벌 때 등장한 유닛
197,미나즈키 고코로,special,,58,62,77,,,마나카 미사토,아라키 히나,아이바 유미,,,3,아이돌 LIVE 로얄 비오는 날 SP 때 등장한 유닛. 일본어로는 [ミナヅキゴコロ]라고 적는다. 미나즈키는 한자로 적으면 水無月. 음력 6월이라는 의미이다. 커뮤에서 미사토는 여행 이야기. 유미는 꽃 이야기. 히나는 종이가 습기를 먹는다거나 여름 이벤트의 당락발표가 있다거나 컬러 원고에 관한 이야기를 하는 등 각자 특징을 드러낸다.
198,팀 북의 대지,special,,50,55,42,,,사와다 마리나,야나세 미유키,쿠로카와 치아키,,,3,제21회 드림 LIVE 페스티벌 때 등장한 유닛. 출신지가 홋카이도와 나가노라서 북의 대지란 표현을 쓴 것 같다.
199,프레시 아스리테스 카나&마리나,special,,54,50,,,,이마이 카나,사와다 마리나,,,,2,제2회 수영복DE 드림 LIVE 페스티벌 때 등장한 프레시 아스테리스의 파생 유닛이다. 카나와 마리나의 조합은 제7회 아이돌 LIVE 로얄 때 등장하였다.
200,귀신 퇴치 일행(우정출현),special,,46,42,,,,시이나 노리코,쿠로카와 치아키,,,,2,복은 안으로 DE 드림 LIVE 페스티벌 때 등장한 유닛
201,준 미스트리스,special,,70,45,,,,미후네 미유,이가라시 쿄코,,,,2,아이돌 LIVE 로얄 비오는 날 SP 때 등장한 유닛. [카마쿠라 아지사이 돌아보기]에서 같이 등장한 2명의 유닛. [비가 씻어준 추억은 어른이 될수록 늘어나는 거야] 라는 의미심장한 말을 하는 미유에게 [괜찮아요. 비가 온 다음엔 반드시 맑은 날이 오니까요]라고 쿄코는 긍정적으로 답한다. 라고 유닛 설명에 나오는데... 안 좋은 추억이 얼마나 많은 것인가?
202,놀 디 담,special,,42,44,,,,쿠로카와 치아키,아이카와 치나츠,,,,2,아이돌 LIVE 로얄 비오는 날 SP 때 등장한 유닛
203,코스메티아 정찰부대,special,,29,23,41,,,카와시마 미즈키,사사키 치에,마츠모토 사리나,,,3,강철공연 키라링 로보 - 습래! 코스메티아 제국 때 등장한 유닛
204,리틀 스마일즈,special,,23,8,40,,,사사키 치에,아카기 미리아,요코야마 치카,,,3,아이돌 LIVE 투어 카니발 in 독일 때 등장한 유닛. 멤버들이 전부 어린이들이라서 리틀이란 단어를 붙인 것으로 보인다.
205,kNIGHT of WALPURGiS,special,,34,13,16,,,시라사카 코우메,칸자키 란코,호시 쇼코,,,3,제21회 드림 LIVE 페스티벌 때 등장한 유닛. 발푸르기스의 밤은 독일 및 북유럽 등지에서 전해내려오는 4월 30일 밤에서 5월 1일에 걸친 봄의 민속축제. 쉽게 말하면 독일판 할로윈이라고 한다. 하지만 유닛명은 밤이 아니라 기사이다. 일종의 말장난 유닛이라고 할 수 있을 듯.
206,L.M.B.G. from SS,special,ハイファイ☆デイズ ,43,23,71,8,75,류자키 카오루,사사키 치에,사쿠라이 모모카,아카기 미리아,이치하라 니나,5,데레스테 이벤트 [ハイファイ☆デイズ] 때 등장한 유닛. 원래 L.M.B.G. 라고 하면 데레스테 이전에 신데렐라걸즈 세계관에 존재하는 유닛인 Little Marching Band Girls[L.M.B.G.]의 줄임말. 처음엔 치에와 치카로 시작했는데. 멤버들이 계속 늘어서 소속 멤버가 열 명이 넘는다. 그 중 데레스테에 등장하는 다섯명이 모여서 이벤트에 등장하였다. 참고로 해당 싱글은 판매고가 무려 10만장. 아이돌마스터 내에서도 손에 꼽는 판매량을 기록하였다.
207,사기 주사위 인생 게임,special,,6,76,31,,,후타바 안즈,타치바나 아리스,카미죠 하루나,,,3,공식 코믹 [오늘의 아이돌씨]에서 경품으로 얻은 사탕을 타치바나 아리스에게 퍼주었다. 하지만 실상은 일하기 싫다고 하자 아리스와 카미죠 하루나가 인생게임 하자고 제안. 잔머리 굴려서 사기 주사위를 만든 다음 6칸마다 1회 휴식후 사탕을 먹었는데... 하필 그 주사위를 아리스에게 주는 바람에... 어쨌든 이걸 제외하면 이 3명의 멤버가 엮이는 일은 별로 없는 신기한 조합이다.
208,우사밍 레인저들,special,,20,40,13,39,,아베 나나,요코야마 치카,칸자키 란코,오이카와 시즈쿠,,4,신데렐라 걸즈 ~앙상블~ 26화에서 등장한 유닛[??] 유닛이라고 부르기엔 적절하지 않을 수도 있지만 넘어가도록 하자. 메르헨 체인지[변신]한 이후의 명칭은 우사큐티[나나]. 우사브륀힐데[란코]. 우사빵빵[시즈쿠]. 우사러브리[치카]이다. 대낮에 사무실에서 자고 있는 안즈에게 치히로씨를 대신하여 천벌을 내린다.
209,넥스트 제너레이션,special,,71,76,8,,,사쿠라이 모모카,타치바나 아리스,아카기 미리아,,,3,아카기 미리아의 SSR카드 [해피 휩]의 특훈 전 카드에 등장하는 3명의 멤버로 구성된 유닛. 정식 등장한 유닛은 아니다. 각자가 각 타입의 대표 로리[?]캐릭터라서인지 로리 제너레이션이란 명칭으로 부르는 모양인데... 본 게임에서는 좀 더 점잖게 넥스트 제너레이션이란 명칭을 쓰도록 하겠다. 모모카와 아리스는 이후 데레스테 이벤트에서도 같이 등장하여 접점을 추가하였다.
210,Masque:Rade From SS,special,Love Destiny,27,25,12,10,22,호죠 카렌,코히나타 미호,타다 리이나,오가타 치에리,사쿠마 마유,5,데레스테 이벤트 [Love∞Destiny] 때 등장한 유닛. 데레스테 오리지널곡이자 유닛이다. 유닛명은 가면무도회란 뜻으로 카렌이 붙인 이름이다. 이유는 [모든 여자아이들은 가면을 쓰고 있으니까]라고. 딱히 리더가 정해지진 않았는데 잡일담당은 리이나가 맡아서 리더가 할 일을 진행하였다.
211,Sunflower,special,きみにいっぱい☆,49,18,75,28,77,오오츠키 유이,히메카와 유키,이치하라 니나,카타기리 사나에,아이바 유미,5,데레스테 이벤트 [きみにいっぱい☆] 때 등장한 유닛. 멤버를 보면 뭔가 제대로 돌아갈 것 같지 않은 구성에 유미 한명 정도가 상식인으로 들어가 있다. 당연하지만 이것저것 귀찮은 일을 맡아서 해야 하는 리더 역할도 유미. 이상한 유닛명을 정리하고 적당한 이름을 짓는 것도 유미가 맡았다.
212,선셋 노스탤지아,initialcostume,,3,64,48,,,혼다 미오,야구치 미우,마츠야마 쿠미코,,,3,아이돌 LIVE 투어 카니발 in 스페이스 월드 때 등장한 유닛. 위키 페이지에 따라서 [선셋 노스텔지아]란 표현도 쓰고 [선셋 노스탤지아]란 표현도 있는데 이 게임에서는 후자를 사용하였다. 초기 의상이 공통인 유닛으로 이게 그다지 평이 좋지 못했고... 미오가 초반에 인기가 없었던 이유의 하나로 꼽히기도 한다.
213,뉴 웨이브,friendship,,67,36,51,,,무라마츠 사쿠라,오오이시 이즈미,츠치야 아코,,,3,아이돌 LIVE 투어 in USA 때 등장한 유닛. 원래부터 친구인 3명으로 구성된 유닛. 이름이 처음엔 [뉴 웨이브 유닛]이었다가 [뉴 웨이브]였다가 [뉴 웨이브스]로 바뀌기도 하는데 이 게임에서는 뉴 웨이브란 표현을 사용하였다. 이후 이벤트[서부공연 건슬링거 저니]에서는 [순회 극단]이란 이름으로 등장하였고. [괴도공연 아름다운 추적자]에서는 [견학하러 온 인근의 영애]라는 이름으로 등장했다. 멤버들의 관계나 3명 유닛으로서의 등장 빈도 등을 보면 나름 밀어주는 것도 같지만... 성우도 없고 아직까진 새로운 물결이라고 부를 수준은 아닌 것 같다.
214,핫 섬머 윈드,special,,22,52,72,,,사쿠마 마유,키타미 유즈,타카가키 카에데,,,3,여름 축제 DE 드림 LIVE 페스티벌 때 등장한 유닛
215,팀 달맞이 술,special,,61,28,72,,,모치다 아리사,카타기리 사나에,타카가키 카에데,,,3,제15회 드림 LIVE 페스티벌 때 등장한 유닛
216,수증기의 화려한 공주,special,,57,49,72,,,모모이 아즈키,오오츠키 유이,타카가키 카에데,,,3,제3회 드림 LIVE 페스티벌 때 등장한 유닛
217,후리소데의 공주,special,,75,17,72,,,이치하라 니나,코시미즈 사치코,타카가키 카에데,,,3,제9회 아이돌 LIVE 로얄 때 등장한 유닛
218,창의 악단[Azul Musica] from SS,special,Nation Blue,2,72,13,14,12,시부야 린,타카가키 카에데,칸자키 란코,닛타 미나미,타다 리이나,5,데레스테 이벤트 [Nation Blue] 때 등장한 유닛. 곡 자체는 Cool jewelries! 001에서 나왔다. 유닛명 Azure Musica(푸른 악단 또는 창의 악단)은 칸자키 란코가 지은 것이다. 여기에 시부야 린의 도움도 있었다. 나름 상식인 캐릭터가 많은 유닛인데... 상식적인 연장자인 미나미가 리더를 맡고 있다. 데레 1st콘서트에서는 이 조합으로 무대에 올랐는데... 스케쥴 등의 이유로 앞으로는 모이기 어려울 것이라고 여겨지고 있다.
219,미스테리어스 아이즈,special,,72,73,,,,타카가키 카에데,하야미 카나데,,,,2,제1회 드림 LIVE 페스티벌 때 등장한 유닛
220,키르슈 with 린,special,,10,72,2,,,오가타 치에리,타카가키 카에데,시부야 린,,,3,제6회 드림 LIVE 페스티벌 때 등장한 유닛. 키르슈는 버찌를 증류한 과일 브랜디. 무색이고 향기가 강하며. 알코올 농도는 매우 높다. 멤버를 고려해보자면 치에리가 버찌와 유사하다고 할 수 있는 체리. 카에데가 알코올로 해석해볼 수 있을 것이다.
221,내여귀[옆 동네] 컴비네이션,special,,17,75,72,14,,코시미즈 사치코,이치하라 니나,타카가키 카에데,닛타 미나미,,4,내 여동생이 이렇게 귀여울 리가 없어[俺の妹がこんなに可愛いわけがない] 애니메이션에 등장한 캐릭터들의 성우가 신데렐라걸즈의 성우와 겹친다는 이유로 만든 성우 장난 유닛이다. 키리노[타케타츠 아야나 - 사치코]. 브리짓[쿠노 미사키 - 니나]. 아야세[하야미 사오리 - 카에데]. 란[스자키 아야 - 미나미]로 구성되어 있다.
222,걸프렌드 노트[옆 동네] 센터걸,special,,69,72,17,25,,토토키 아이리,타카가키 카에데,코시미즈 사치코,코히나타 미호,,4,게임 걸프렌드 노트[ガールフレンド[♪]]에 등장한 캐릭터들의 성우가 신데렐라걸즈의 성우와 엄청나게 겹친다. 걸프렌드 노트엔 정말 성우가 넘칠 정도로 많기 때문에... 성우 장난 유닛은 원없이 만들 수 있겠지만... 우선 센터걸에 한정짓기로 하자. 아쉽게도 치히로씨나 히다카 아이. 미나세 이오리는 포함되어 있지 않다. 에레나[하라다 히토미 - 아이리]. 하루카[하야미 사오리 - 카에데]. 이치고[타케타츠 아야나 - 사치고]. 무츠미[츠다 미나미 - 미호]로 구성되어 있다.
223,무채한의 팬텀 월드[옆 동네] 컴비네이션,special,,15,72,13,75,,아나스타샤,타카가키 카에데,칸자키 란코,이치하라 니나,,4,무채한의 팬텀 월드[無彩限のファントム・ワールド]의 마이[우에사카 스미레 - 아나스타샤]. 레이나[하야미 사오리 - 카에데]. 코이토[우치다 마아야 - 란코]. 쿠루미[쿠노 미사키 - 니나]로 구성된 성우 장난 유닛
224,냥.냥.냥,special,,11,38,15,,,마에카와 미쿠,타카미네 노아,아나스타샤,,,3,제1회 드림 LIVE 페스티벌 때 등장한 유닛. 미쿠를 중심으로 한 고양이귀 유닛. 노아는 자신의 [미스테리어스 메이드]에서 등장. 아냐는 미쿠의 [시사이드 캣] 배경에서 고양이귀를 단 적이 있다. 그 외에 나탈리아의 [카니발 스타]에 배경으로 셋이 출연하기도 했다. 신데마스 공식 코믹인 앙상블에서도 셋이 가끔 나온다. 
225,날개옷 미녀,special,,79,19,,,,시오미 슈코,코바야카와 사에,,,,2,제1회 드림 LIVE 페스티벌 때 등장한 유닛. 본편 출연이 아닌 외전 보이스드라마 매직 아워 출연라고 적혀 있는데... 이 게임에서 그런 건 전혀 중요하지 않다. 슈코와 사에는 고향도 같아서인지[교토] 이것저것 자주 엮이는 듯 하다.
226,버라이어티 머메이드,special,,79,17,30,,,시오미 슈코,코시미즈 사치코,히노 아카네,,,3,제7회 드림 LIVE 페스티벌 때 등장한 유닛
227,신데렐라 드림[수영복 DE 드림 LIVE 페스],special,,79,19,69,,,시오미 슈코,코바야카와 사에,토토키 아이리,,,3,수영복 DE 드림 LIVE 페스 때 등장한 신데렐라 드림. 신데렐라 드림은 동명의 유닛으로 사람을 바꾸어가면서 엄청나게 등장한다. 
228,신데렐라 드림[제21회 드림 LIVE 페스],special,,8,19,27,,,아카기 미리아,코바야카와 사에,호죠 카렌,,,3,제21회 드림 LIVE 페스 때 등장한 신데렐라 드림. 신데렐라 드림은 동명의 유닛으로 사람을 바꾸어가면서 엄청나게 등장한다.
229,신데렐라 드림[여름축제 DE 드림 LIVE 페스],special,,5,25,12,,,죠가사키 리카,코히나타 미호,타다 리이나,,,3,여름축제 DE 드림 LIVE 페스 때 등장한 신데렐라 드림. 신데렐라 드림은 동명의 유닛으로 사람을 바꾸어가면서 엄청나게 등장한다.
230,매혹의 풀사이드,special,,71,26,16,,,사쿠라이 모모카,카미야 나오,호시 쇼코,,,3,여름 축제 DE 드림 LIVE 페스티벌 때 등장한 유닛. 큐트. 쿨. 패션으로 균형있게 구성되어 있지만 뭔가 알 수 없는 조합이다. 그래서 혹시나해서 찾아봤는데 픽시브 위키쪽에도 별 정보가 없다. 승패 대사를 읽어봐도 뭔가 확오는 내용은 없는 듯. 어떻게 만들어진 유닛인지 모르겠다.
231,메모리얼 섬머 노츠,special,,62,64,19,,,아라키 히나,야구치 미우,코바야카와 사에,,,3,여름 축제 DE 드림 LIVE 페스티벌 때 등장한 유닛
232,여신들의 여름 잔치,special,,29,28,72,,,카와시마 미즈키,카타기리 사나에,타카가키 카에데,,,3,여름 축제 DE 드림 LIVE 페스티벌 때 등장한 유닛. 성인들의 조합이다. 3명 다 술만 안 먹으면 여신이라 불러도 될 정도로 매력이 빼어난 분들이니 적당히 넘어가도록 하자.
233,초저녁 달 꽃 소녀,special,,77,45,,,,아이바 유미,이가라시 쿄코,,,,2,여름 축제 DE 드림 LIVE 페스티벌 때 등장한 유닛
234,미유 언니와 카오루쨩,special,,43,70,,,,류자키 카오루,미후네 미유,,,,2,수영복 DE 드림 LIVE 페스티벌 때 등장한 유닛. 멤버들의 이름을 그대로 쓰고 있으니 이해하기 쉬운 유닛명. 미유는 니나와는 모녀처럼 그려지는데 카오루와는 언니 동생으로 그려지나 보다.
235,스쿨 스위머즈,special,,71,20,17,,,사쿠라이 모모카,아베 나나,코시미즈 사치코,,,3,수영복 DE 드림 LIVE 페스티벌 때 등장한 유닛. 사치코는 [자칭･머메이드] 카드에서. 나나는 [섬머☆우사밍] 카드에서. 모모카는 [섬머 마드모아젤] 카드에서 학교 수영복을 입는다. 이외에도 학교 수영복 카드는 많이 있을 법도 한데 굳이 따로 찾아보진 않도록 하겠다.
236,트랑킬 위스퍼,special,,74,15,72,,,사기사와 후미카,아나스타샤,타카가키 카에데,,,3,수영복 DE 드림 LIVE 페스티벌 때 등장한 유닛. 트랑킬이 고요하다란 단어에서 온 거라면 조용하게 속삭이는 듯한 말투를 가진 멤버를 의미하는 것 같다. 
237,신데렐라 걸 슈코&린,special,,79,2,,,,시오미 슈코,시부야 린,,,,2,제14회 아이돌 LIVE 로얄 때 등장한 유닛. 슈코와 린 모두 신데렐라 걸[인기투표 1위를 해 본 적이 있다는 의미]을 역임한 적이 있다. 슈코가 4대. 린이 3대
238,신데렐라 걸 슈코&아이리,special,,79,69,,,,시오미 슈코,토토키 아이리,,,,2,제14회 아이돌 LIVE 로얄 때 등장한 유닛. 슈코와 아이리 모두 신데렐라 걸[인기투표 1위를 해 본 적이 있다는 의미]을 역임한 적이 있다. 슈코가 4대. 아이리가 1대
239,신데렐라 걸 슈코&란코,special,,79,13,,,,시오미 슈코,칸자키 란코,,,,2,제14회 아이돌 LIVE 로얄 때 등장한 유닛. 슈코와 란코 모두 신데렐라 걸[인기투표 1위를 해 본 적이 있다는 의미]을 역임한 적이 있다. 슈코가 4대. 란코가 2대
240,플라워 비치 머메이드,special,,80,77,78,,,무카이 타쿠미,아이바 유미,후지모토 리나,,,3,아이돌 LIVE 투어 in 하와이 때 등장한 유닛. 타쿠미와 리나는 자주 엮인다고 치고 어쩌다가 유미가 끼고. 이름엔 유미 중심인 플라워가 포함되었는지 잘 모르겠다.
241,노티 갸루즈,special,,80,78,,,,무카이 타쿠미,후지모토 리나,,,,2,제2회 수영복DE 드림 LIVE 페스티벌 때 등장한 유닛. 타쿠미와 리나는 자주 엮이는 것 같다. 노티는 아마도 Naughty. 어른들의 말을 잘 안 듣고 행실이 좋지 않다란 의미인 것 같다.
242,러블리 에이프런즈,special,,80,46,52,,,무카이 타쿠미,시이나 노리코,키타미 유즈,,,3,제4회 드림 LIVE 페스티벌 때 등장한 유닛. 에어프론(Apron / エプロン)타쿠미에게 에이프런이라니... 이런 악취미[?]를 즐기는 사람들이 많은가 보다. 근데 [수줍은 발렌타인] 카드 일러스트를 보면 그냥 평범하게 잘 어울린다. 노리코는 음식 관련 캐릭터다 보니 복장이 앞치마 비슷한 이미지가 많다. [해피 발렌타인]카드는 정말 요리할 때 입을 것 같은 복장. 유즈는 [푸드☆메이드] 카드에서 비슷한 복장이 나오는데 에이프런은 아닌 것 같다. 대사도 심사위원이란 식이고
243,매시브 라이더즈,special,,80,21,78,,,무카이 타쿠미,키무라 나츠키,후지모토 리나,,,3,제6회 드림 LIVE 페스티벌 때 등장한 유닛. 멤버들이 오토바이를 타는 공통점이 있는 것 같다. 타쿠미가 나츠키에게 [에~ 나츠키는 커다란 거 타고 있구나]라면서 칭찬하는 대사가 나온다.
244,겁 많은 얼룩 다람쥐 & 날뛰는 사자,special,,24,80,,,,모리쿠보 노노,무카이 타쿠미,,,,2,제8회 드림 LIVE 페스티벌 때 등장한 유닛. 날뛰는 사자는 타쿠미일테니 얼룩 다람쥐가 노노일 것이다. 타쿠미의 [백수의 여왕]카드와 노노의 [곤혹스런 작은 다람쥐]카드를 참고하도록 하자.
245,뇌무상등,special,,80,28,78,,,무카이 타쿠미,카타기리 사나에,후지모토 리나,,,3,제13회 드림 LIVE 페스티벌 때 등장한 유닛. 본편 출연이 아닌 외전 보이스드라마 매직아워 출연라고 하지만 이 게임에서 그런 건 전혀 중요하지 않다. 전직 경찰인 사나에와 폭주족 출신의 타쿠미의 조합이다 보니 상성이 그리 좋아보이진 않는다.
246,BEYOND THE STARLIGHT[음악방송] From SS,special,BEYOND THE STARLIGHT,29,10,5,27,49,카와시마 미즈키,오가타 치에리,죠가사키 리카,호죠 카렌,오오츠키 유이,5,데레스테 [BEYOND THE STARLIGHT] 이벤트에서 등장한 음악방송 출연 버전 유닛. 게임에서는 이 유닛 중심으로 커뮤가 진행된다. 이벤트와 동명의 노래는 데레스테의 오리지널곡이며 1주년 기념곡이다. 각 멤버들은 데레스테 이벤트에 참여했었고 커뮤에선 해당 이벤트를 추억하면서 데레스테 1주년을 기념 및 축하한다.
247,BEYOND THE STARLIGHT[라이브] From SS,special,BEYOND THE STARLIGHT,26,11,1,4,12,카미야 나오,마에카와 미쿠,시마무라 우즈키,죠가사키 미카,타다 리이나,5,데레스테 [BEYOND THE STARLIGHT] 이벤트에서 등장한 라이브 출연 버전 유닛. 데레 4th 콘서트에서 해당 멤버들이 라이브에 다회 출연하였다. 이벤트와 동명의 노래는 데레스테의 오리지널곡이며 1주년 기념곡이다.
248,Near to You From SS,special,Near to You,71,35,28,75,76,사쿠라이 모모카,나카노 유카,카타기리 사나에,이치하라 니나,타치바나 아리스,5,데레스테 [Near to You] 이벤트에서 등장한 유닛. 노래는 CINDERELLA MASTER jewelries! 003에 포함되어 속성별로 다양한 멤버들이 불렀다. 여기서는 게임의 이벤트에 등장했던 멤버로 구성하였다. 리더는 연장자인 사나가 맡았으나 멤버들이 꽤나 리더욕심을 냈었기 때문에... 사나에가 하나씩 감투를 씌워 준다. 아리스는 사령관. 모모카는 대표. 유카는 주장. 니나에겐 두목[おかしら]이란 감투를 주어 다들 만족시키는 멋진 모습을 보여준다.
249,진리를 가르치는 자,special,,81,47,,,,미야모토 프레데리카,타카하시 레이코,,,,2,전국공연 천마의난 때 등장한 유닛
250,템프테이션 아이즈,special,,81,79,,,,미야모토 프레데리카,시오미 슈코,,,,2,제5회 드림 LIVE 페스티벌 때 등장한 유닛
251,CD debut 카나데&프레데리카&후미카,special,,73,81,74,,,하야미 카나데,미야모토 프레데리카,사기사와 후미카,,,3,복은 안으로 DE 드림 LIVE 페스티벌 때 등장한 유닛
252,신춘 모드 '16,special,,81,32,,,,미야모토 프레데리카,타카모리 아이코,,,,2,드림 LIVE 페스티벌 신춘 SP 때 등장한 유닛. 참고로 동명의 유닛이 존재하는데 해당 유닛에는 사죠 유키미. 시라기쿠 호타루가 포함되어 있다. 해당 멤버가 이 게임에 추가되면 어떤 유닛명으로 구분할 지 그때가서 고민해보도록 하자.
253,FrenchKisS,special,,81,73,,,,미야모토 프레데리카,하야미 카나데,,,,2,아이돌 LIVE 로얄 발렌타인 SP 때 등장한 유닛. 프랑스 출신의 프레데리카와 키스를 입에 달고 사는 카나데의 조합
254,트리니티 보이스,special,,81,73,18,,,미야모토 프레데리카,하야미 카나데,히메카와 유키,,,3,제14회 아이돌 LIVE 로얄 때 등장한 유닛. 균형 좋게 큐트. 쿨. 패션으로 구성된 유닛인데 사실 3명의 접점은 잘 모르겠다. 그래서 찾아보니 CM7기생이라고 하는데. CM7기생이라고 하면 15년 2월에 발매된 신데렐라 마스터에서 시디 데뷔를 한 5명의 아이돌을 지칭한다고 한다. 유키가 32. 프레데리카가 33. 카나데가 34번째 데뷔. 31번 후미카와 35번 니나를 제외하고 이렇게 유닛을 만들었는지는 여전히 잘 모르겠지만... 이 정도로 넘어가도록 하자.
255,걸즈 앤 판쳐[옆 동네] 오아라이 고교,special,,27,5,,,,호죠 카렌,죠가사키 리카,,,,2,걸즈 앤 판처[ガールズ&パンツァー] 애니메이션에 등장한 캐릭터들의 성우가 신데렐라걸즈의 성우와 겹친다는 이유로 만든 성우 장난 유닛이다. 그 중에서도 현립 오아라이 여학원의 미호[후치가미 마이 - 카렌]. 사토코[야마모토 노조미 - 리카]로 구성되어 있다.
256,걸즈 앤 판쳐[옆 동네] 타 참전 고교,special,,15,72,10,11,,아나스타샤,타카가키 카에데,오가타 치에리,마에카와 미쿠,,4,걸즈 앤 판처[ガールズ&パンツァー] 애니메이션에 등장한 캐릭터들의 성우가 신데렐라걸즈의 성우와 겹친다는 이유로 만든 성우 장난 유닛이다. 그 중에서도 오아라이 여학원 이외의 고교에 소속된 논나[프라우다 - 우에사카 스미레 - 아나스타샤]. 카르파치오[안치오 - 하야미 사오리 - 카에데]. 후쿠다[치하탄 - 오오조라 나오미 - 치에리]. 로즈힙[세인트 글로리아나 - 타카모리 나츠미 - 미쿠]로 구성되어 있다.
257,걸즈 앤 판쳐[옆 동네] 대학 선발팀,special,,17,73,,,,코시미즈 사치코,하야미 카나데,,,,2,걸즈 앤 판처[ガールズ&パンツァー] 애니메이션에 등장한 캐릭터들의 성우가 신데렐라걸즈의 성우와 겹친다는 이유로 만든 성우 장난 유닛이다. 그 중에서도 대학 선발팀에 소속된 아리스[타케타츠 아야나 - 사치코]. 아즈미[이이다 유우코 - 카나데]로 구성되어 있다.
258,냇가의 소악마,special,,82,34,59,,,니노미야 아스카,시라사카 코우메,하야사카 미레이,,,3,동화공연 만져대는 늑대와 빨간두건 때 등장한 유닛
259,미스테릭 가든,special,,82,77,,,,니노미야 아스카,아이바 유미,,,,2,제16회 드림 LIVE 페스티벌 때 등장한 유닛. 아마도 아스카가 미스테릭 담당. 유미가 가든 담당이라고 보면 될 것 같다.
260,모르페우스 칠드런,special,,82,24,62,,,니노미야 아스카,모리쿠보 노노,아라키 히나,,,3,제17회 드림 LIVE 페스티벌 때 등장한 유닛. 모르페우스라고 하면 그리스 신화에 등장하는 꿈의 신. 픽시브의 유닛 설명에 따르면 만화를 좋아하는 아이돌로 구성된 트리오로. 11월 3일이 문화의 날. 만화의 날이라는 것을 소개한다. 아스카는 특유의 센스를 살려 히나에게서 원작자가 되지 않겠느냐는 제안을 받는다. 그렇게 되었다면 제대로 된 중2병 작품이 나오지 않았을까?
261,발렌타인 러버즈,special,,82,11,5,,,니노미야 아스카,마에카와 미쿠,죠가사키 리카,,,3,드림 LIVE 페스티벌 세츠분 SP 때 등장한 유닛.
262,윳코의 정글 탐험대!!,special,,82,24,33,,,니노미야 아스카,모리쿠보 노노,호리 유코,,,3,수영복 DE 드림 LIVE 페스티벌 때 등장한 유닛. 일본어로는 [ユッコのジャングル探検隊!!]라고 적는다. 정글엔 작은 다람쥐[노노]가 있다고 하고. 아스카는 [환영이라고 하더라도 인간은 쫒지 않을 수 없다. 그것이 카르마...] 이런 식의 중2병 대사를 내뱉는다. 유코는 사이킥 레이더를 화려하게 사용하지만 갑자기 비가 내린다는... 평소와 같은 모습을 보인다.
263,다크 일루미네이트,special,,82,13,,,,니노미야 아스카,칸자키 란코,,,,2,제5회 아이돌 LIVE 로얄 때 등장한 유닛. 중2병이라고 하는 공통점을 가진 두 명의 조합
264,CAERULA From SS,special,咲いてJewel,74,73,76,79,82,사기사와 후미카,하야미 카나데,타치바나 아리스,시오미 슈코,니노미야 아스카,5,데레스테 [咲いてJewel] 이벤트에서 등장한 유닛. 주얼리즈 쿨 3탄 참가 멤버인 사기사와 후미카. 하야미 카나데. 타치바나 아리스. 시오미 슈코[리더]. 니노미야 아스카로 구성된 쿨 타입 유닛. CAERULA는 파란색 이라는 의미의 라틴어로 아스카가 지었다. [위키에 따라서는 진한 파랑 혹은 하늘색이란 해석도 있다.] 슈코는 리더를 하지 않으려고 꾀를 부리지만 카나데에게 걸려서 트릭을 사용하지 못하고 결국 리더를 맡는다.
265,사이킥 에너지,special,,83,33,,,,하마구치 아야메,호리 유코,,,,2,제15회 드림 LIVE 페스티벌 때 등장한 유닛. 둘은 특수한 능력[?]을 가졌다는 공통점 때문인지 같이 나오는 경우가 있는 것 같다.
266,스포츠 축제'15 ~스위츠&런~,special,,9,83,,,,미무라 카나코,하마구치 아야메,,,,2,제20회 드림 LIVE 페스티벌 때 등장한 유닛. 스위츠는 카나코일텐데... 아야메가 런인 것은 인술을 이용한 이동때문일까?
267,흠뻑 젖은 섬머,special,,8,26,83,,,아카기 미리아,카미야 나오,하마구치 아야메,,,3,수영복 DE 드림 LIVE 페스티벌 때 등장한 유닛
268,토크 배틀 치어즈,special,,35,83,73,,,나카노 유카,하마구치 아야메,하야미 카나데,,,3,제4회 아이돌 LIVE 로얄 때 등장한 유닛
269,PONPON4U,special,,83,73,18,,,하마구치 아야메,하야미 카나데,히메카와 유키,,,3,제7회 아이돌 LIVE 로얄 때 등장한 유닛
270,유혹 이빌,special,,81,79,84,,,미야모토 프레데리카,시오미 슈코,이치노세 시키,,,3,미식공연 여신에게 바치는 진수성찬 때 등장한 유닛. 프레시키 조합은 세계관 내에서도 손에 꼽히는 혼파망 조합. 슈코가 있어서 적당히 균형을 잡을 지 적당히 빠질 것인지 감잡을 수 없는 유닛. 연극에서는 플레이어 측의 음식을 빼앗으려고 하는 미식소악마의 역할로 출연. 
271,벚꽃무희,special,,79,77,84,,,시오미 슈코,아이바 유미,이치노세 시키,,,3,꽃구경 DE 드림 LIVE 페스티벌 때 등장한 유닛
272,레이지 레이지,special,,81,84,,,,미야모토 프레데리카,이치노세 시키,,,,2,제8회 아이돌 LIVE 로얄 때 등장한 유닛. 프레시키 조합은 세계관 내에서도 손에 꼽히는 혼파망 조합이지만 딱히 괴롭힐 캐릭터가 없어도 활약할 지는 미지수. 픽시브에서는 다음과 같이 적고 있다. [시키짱 프레짱이라고 서로를 부를 정도로 격식없는 사이지만... 대화가 점점 삼천포로 빠지기 시작하면 아무도 말릴 사람이 없다. 딴지 걸어줄 사람이 없음의 공포!]
273,Dimension-3,special,,82,84,,,,니노미야 아스카,이치노세 시키,,,,2,제11회 아이돌 LIVE 로얄 때 등장한 유닛. 프레 왈 [나와 아스카짱의 유닛은 그거랄 수 있겠네. 기대해도 되겠어] 아스카 [기대라는 것은 그냥 희망일 뿐. 꿈과 같아서 현실이 되진 않아] 라는 대사를 주고 받는 둘. 의미심장하달까? 의미불명이랄까? 유닛명은 니노미야[二宮]의 2와 이치노세[一ノ瀬]의 1을 더하여 3에서 왔다. 디멘션은 어디서 온 지 모르겠다. 차라리 4차원이라면 해석할 여지가 있을 것 같은데... 
274,이노센트 아니마,special,,84,73,4,,,이치노세 시키,하야미 카나데,죠가사키 미카,,,3,아이돌 LIVE 로얄 꽃구경 SP 때 등장한 유닛
275,la Roseraie From SS,special,明日また会えるよね,71,35,81,84,45,사쿠라이 모모카,나카노 유카,미야모토 프레데리카,이치노세 시키,이가라시 쿄코,5,데레스테 [明日また会えるよね] 이벤트에서 등장한 큐트 유닛. 유닛명은 장미정원 이라는 뜻으로 시키가 제안한 이름. 리더는 유카
276,꽃봉오리 From SS,special,つぼみ,79,11,72,77,84,시오미 슈코,마에카와 미쿠,타카가키 카에데,아이바 유미,이치노세 시키,5,데레스테 [つぼみ] 이벤트에서 등장한 유닛. 특별히 유닛명은 존재하지 않아서 곡의 제목과 동명의 유닛명으로 본 게임에 등장시켰다.
277,LiPPS From SS,special,Tulip,73,79,4,81,84,하야미 카나데,시오미 슈코,죠가사키 미카,미야모토 프레데리카,이치노세 시키,5,데레스테 [Tulip] 이벤트에서 등장한 유닛. 이름의 유래는 입술의 LIP에서 온 것으로 추정된다. 많은 유닛 중에서도 밸런스가 매우 잘 잡힌 유닛으로 평가된다. (개성. 키. 나이. 역할 등)
278,나이트 헌터즈,special,,85,38,42,,,와키야마 타마미,타카미네 노아,쿠로카와 치아키,,,3,마계공연 유울여왕과 할로윈 축제 때 등장한 유닛. 강철공연 키라링 로보 - 습래! 코스메티아 제국에서는 [유랑의 헌터]이란 이름으로 등장하였다.
279,인무☆요란,special,,85,83,,,,와키야마 타마미,하마구치 아야메,,,,2,제4회 드림 LIVE 페스티벌 때 등장한 유닛
280,우사토라짱과 절분하기 좋은 날,special,,61,55,85,,,모치다 아리사,야나세 미유키,와키야마 타마미,,,3,복은 안으로 DE 드림 LIVE 페스티벌 때 등장한 유닛. 우사토라는 SR카드 [가이의 우사토라]를 봤을 때 아리사를 의미하는 것 같다.
281,연무화격,special,,85,53,,,,와키야마 타마미,토고 아이,,,,2,드림 LIVE 페스티벌 신춘 SP 때 등장한 유닛
282,달밤의 가인~총평 편~,special,,74,19,,,,사기사와 후미카,코바야카와 사에,,,,2,아이돌 LIVE 로얄 달구경 SP 때 등장한 유닛
283,달밤의 가인~프릴드 스퀘어 편~,special,,57,37,52,,,모모이 아즈키,아야세 호노카,키타미 유즈,,,3,아이돌 LIVE 로얄 달구경 SP 때 등장한 유닛
284,페이퍼 문 래빗,special,,10,5,6,,,오가타 치에리,죠가사키 리카,후타바 안즈,,,3,아이돌 LIVE 로얄 달구경 SP 때 등장한 유닛
285,허니 바니 매니,special,,20,77,69,,,아베 나나,아이바 유미,토토키 아이리,,,3,아이돌 LIVE 로얄 달구경 SP 때 등장한 유닛
286,가을바람의 공주들,special,,9,86,13,,,미무라 카나코,요리타 요시노,칸자키 란코,,,3,제9회 드림 LIVE 페스티벌 때 등장한 유닛
287,신춘 소녀,special,,86,13,25,,,요리타 요시노,칸자키 란코,코히나타 미호,,,3,드림 LIVE 페스티벌 신춘 SP 때 등장한 유닛
288,학제천국!!,special,,62,10,86,,,아라키 히나,오가타 치에리,요리타 요시노,,,3,제24회 드림 LIVE 페스티벌 때 등장한 유닛. 학제천국이란 동명의 유닛이 더 있는데 느낌표 개수로 구분할 수 있다.
289,클로버를 찾아서...,special,,10,86,33,,,오가타 치에리,요리타 요시노,호리 유코,,,3,제25회 드림 LIVE 페스티벌 때 등장한 유닛. 유닛명과 멤버들을 보면 클로버를 찾는 치에리. 사이킥 파워를 사용하여 찾아 보지만 당연하게도 실패하는 유코. 아무 일도 아닌 것처럼 쉽게 클로버를 찾아내는 요시노. 라는 이야기가 아니었을까? 란 추측을 했으나 검색 결과 네잎클로버를 찾는 합숙을 떠나는 3인[뭐 이런 합숙을 가냐?] 유코는 다우징 능력을 이용 찾기 시작하지만 생각처럼 쉽게 찾아지진 않는다. 결국 요시노가 쉽게 찾아내고 유코는 합숙 성공이라면서 다음엔 사이킥 강화 합숙을 떠나자고 제안한다. 다른 대사에는 유코가 요시노에게 사이킥을 배운 적이 있냐고 묻는데... 요시노는 자신이 배운 것은 좀 다른 것이라고 답한다.
290,아이카츠[옆 동네] 스타라이트 학원 추가분,special,,71,86,,,,사쿠라이 모모카,요리타 요시노,,,,2,아이카츠[アイカツ! -アイドルカツドウ!] 애니메이션에 등장하는 스타라이트 학원 소속 멤버로 이미 성우 장난 유닛을 하나 만들었는데... 이후 신데렐라걸즈에 성우가 추가되면서 아이카츠 스타라이트 학원의 추가분 유닛을 제작하게 되었다. 유우[테루이 하루카 - 모모카]. 린[타카다 유우키 - 요시노] 아이카츠 스타라이트 학원에 신데렐라걸즈 스타라이트 스테이지에 뭔가 연관성이 있는 것인지... 6명이나 성우가 겹친다.
291,샤이니 넘버즈,special,キミのそばでずっと,1,72,70,24,86,시마무라 우즈키,타카가키 카에데,미후네 미유,모리쿠보 노노,요리타 요시노,5,신데렐라 걸즈 제 5회 총선거의 결과 상위 5명으로 구성된 유닛. [キミのそばでずっと]를 불렀다. 나중에 데레스테에 동명의 이벤트로 등장할 지도...
292,신춘 콜렉션 12's,special,,87,43,53,,,도묘지 카린,류자키 카오루,토고 아이,,,3,신춘 LIVE 투어 카니발 때 등장한 유닛
293,사랑의 건맨,special,,87,45,,,,도묘지 카린,이가라시 쿄코,,,,2,서부공연 건슬링거 저니 때 등장한 유닛. [동화공연 만져대는 늑대와 빨간두건]에서는 [도와주기 좋아하는 소녀]란 이름으로 등장했다.
294,한 쌍의 무녀,special,,87,31,,,,도묘지 카린,카미죠 하루나,,,,2,전국공연 천마의난 때 등장한 유닛
295,액막이 3무녀,special,,87,80,31,,,도묘지 카린,무카이 타쿠미,카미죠 하루나,,,3,복은 안으로 DE 드림 LIVE 페스티벌 때 등장한 유닛. 어쩌다 타쿠미는 무녀... 그것도 액막이 무녀가 된 것일까? 하루나는 타쿠미에게도 안경을 쓰지 않겠냐는 제안을 한다.
296,개운 폭주 걸즈,special,,87,80,17,,,도묘지 카린,무카이 타쿠미,코시미즈 사치코,,,3,드림 LIVE 페스티벌 신춘 SP 때 등장한 유닛
297,인디고 벨,special,,87,32,,,,도묘지 카린,타카모리 아이코,,,,2,제5회 아이돌 LIVE 로얄 때 등장한 유닛. 전까지는 藍鈴(아이린정도로 읽으면 될 것 같다.)이란 이름을 불렸는데. 이것으로 공식으로 유닛명이 붙었다. 둘의 조합에 하루나를 더해서 유닛활동을 했다는 기록도 있는데 따로 등장한 적은 없는 것 같다. 인디고는 영어로 藍를 의미하고 벨은 鈴을 의미하므로. 인디고 벨은 藍鈴을 그대로 영어로 만든 것으로 볼 수 있겠다. SR카드에서 큐트와 패션을 동시에 올리는 기술을 양쪽모두 가지고 있어 동시에 덱에 넣고 사용해도 강력함을 자랑할 수도 있다고 하며... 공식에서 엄청 떡밥을 뿌려대는 커플링으로 보인다.
298,Spiriter feat.미오,special,,87,34,3,,,도묘지 카린,시라사카 코우메,혼다 미오,,,3,제13회 아이돌 LIVE 로얄 때 등장한 유닛
299,악령퇴치☆견습무녀,special,,87,80,,,,도묘지 카린,무카이 타쿠미,,,,2,괴기공연 심령탐정의 사건부 때 등장한 유닛. 무슨 인연인지 카린과 타쿠미는 자주 엮인다.
300,할로윈 위치즈,special,,88,25,32,,,야마토 아키,코히나타 미호,타카모리 아이코,,,3,제3회 드림 LIVE 페스티벌 때 등장한 유닛
301,개틀링 빈즈,special,,88,28,,,,야마토 아키,카타기리 사나에,,,,2,드림 LIVE 페스티벌 세츠분 SP 때 등장한 유닛
302,메모리얼 쿵푸,special,,35,88,,,,나카노 유카,야마토 아키,,,,2,제21회 드림 LIVE 페스티벌 때 등장한 유닛
303,아코☆에미,special,,89,51,,,,남바 에미,츠치야 아코,,,,2,제8회 드림 LIVE 페스티벌 때 등장한 유닛
304,Flip Flop,special,Flip Flop,39,30,85,32,87,오이카와 시즈쿠,히노 아카네,와키야마 타마미,타카모리 아이코,도묘지 카린,5,데레스테 [Flip Flop] 이벤트에서 등장한 유닛. 정확히 말하면 딱히 유닛명이 정해진 것은 아니다. 그러나 본 게임에서는 곡과 동명의 유닛으로 등장시켰다. 곡 자체는 아카네와 아이코의 곡이지만 데레스테에서는 다른 3명이 더해졌다.
305,ゴキゲンParty Night,special,ゴキゲンParty Night,3,12,18,20,2,혼다 미오,타다 리이나,히메카와 유키,아베 나나,시부야 린,5,데레스테 [ゴキゲンParty Night] 이벤트에서 등장한 유닛. 정확히 말하면 딱히 유닛명이 정해진 것은 아니다. 그러나 본 게임에서는 곡과 동명의 유닛으로 등장시켰다. 곡 자체는 CINDERELLA MASTER jewelries! 002 시리즈에 포함되어 각 타입별로 불렀던 노래이다. 원곡은 타입별로 불렀으니까 딱히 라디오 방송인 데레파와 관계가 있다고 볼 수가 없지만... 이벤트의 내용을 보면 관계가 없지도 않은 듯 하다.
306,Absolute NIne,special,Absolute NIne,4,11,79,72,,죠가사키 미카,마에카와 미쿠,시오미 슈코,타카가키 카에데,,4,데레스테 [Absolute NIne] 이벤트에서 등장한 유닛. 정확히 말하면 제 4회 총선거의 타입별 탑3의 멤버들이 부른 곡이며 정식 유닛명은 존재하지 않는다. 해당 9명은 다음과 같다. 시오미 슈코(신데렐라 걸. Cool). 마에카와 미쿠(Cute). 타카가키 카에데(Cool). 아이바 유미(Passion). 이치노세 시키(Cute). 시마무라 우즈키(Cute). 시부야 린(Cool). 죠가사키 미카(Passion). 무카이 타쿠미(Passion) 그 중 데레스테에서 목소리와 영상을 맞출 수 있는 4명으로 구성된 유닛이다. 본 게임에서 9명 조합이 가능했다면 아마 풀멤버로 등장시켰겠지만... 넘어가도록 하자.
307,あいくるしい,special,あいくるしい,19,22,73,9,60,코바야카와 사에,사쿠마 마유,하야미 카나데,미무라 카나코,미즈모토 유카리,5,데레스테 [あいくるしい] 이벤트에서 등장한 유닛. 정확히 말하면 딱히 유닛명이 정해진 것은 아니다. 그러나 본 게임에서는 곡과 동명의 유닛으로 등장시켰다. 곡 자체는 사에와 카나데의 곡이지만 데레스테에서는 다른 3명이 더해졌다.
308,Story,special,Story,1,2,3,26,27,시마무라 우즈키,시부야 린,혼다 미오,카미야 나오,호죠 카렌,5,데레스테 [Story] 이벤트에서 등장한 유닛. new generations과 Triad Primus의 조합인데 정식 유닛명은 없다. 린이 Perfect 5th란 이름을 붙였다가 주변의 놀림으로 인해 취소한다. (사실 저 이름으로 지어줬으면 유닛명이 좀 더 그럴 듯 했을텐데...) 린은 new generations 이름 지을 때도 프린세스 블루라는 이름을 꺼낸 적이 있었다. 그건 아버지가 추천한 이름이라면서 취소하기도 했었고... 린의 성우가 의외로 재밌고 독특한 이름을 잘 짓는 것 같은데 (Shining God Cherry이라든가...) 그게 캐릭터에 붙은 것인지...
309,EVERMORE,special,EVERMORE,82,84,13,11,4,니노미야 아스카,이치노세 시키,칸자키 란코,마에카와 미쿠,죠가사키 미카,5,데레스테 [EVERMORE] 이벤트에서 등장한 유닛. 유닛명이 딱히 정해지진 않았지만 본 게임에서는 곡과 동명인 유닛명으로 등장시켰다. 신데렐라걸즈 5주년을 기념한 곡이다. 
310,얼터너티브 걸즈[옆 동네] Freesia Dog,special,,17,10,4,,,코시미즈 사치코,오가타 치에리,죠가사키 미카,,,3,얼터너티브 걸즈[オルタナティブガールズ] 게임의 유닛 フリージア ドッグ에 속한 미야카[타케타츠 아야나 - 사치코]. 나오미[오오조라 나오미 - 치에리]. 유이[요시무라 하루카 - 미카]로 구성된 성우 장난 유닛. 실은 프리시아 독과 아이리스 캣의 신데렐라걸즈의 등장 성우는 총 5명이라서 사실 유닛 하나로 묶어도 무방했지만... 아디레[후쿠하라 아야카 - 린]이 따로 등장하기 때문에 언젠가 유닛을 재구성할 일이 생길 것 같아서 나눠 두었다. 아디레 이외에 새로운 캐릭터에 신데렐라걸즈 성우가 붙어서 새로운 유닛을 추가할 날이 오길 기원한다.
311,얼터너티브 걸즈[옆 동네] Iris Cat,special,,15,27,,,,아나스타샤,호죠 카렌,,,,2,얼터너티브 걸즈[オルタナティブガールズ] 게임의 유닛 アイリス キャット에 속한 츠무기[우에사카 스미레 - 아나스타샤]. 실비아[후치가미 마이 - 카렌]으로 구성된 성우 장난 유닛. 실은 프리시아 독과 아이리스 캣의 신데렐라걸즈의 등장 성우는 총 5명이라서 사실 유닛 하나로 묶어도 무방했지만... 아디레[후쿠하라 아야카 - 린]이 따로 등장하기 때문에 언젠가 유닛을 재구성할 일이 생길 것 같아서 나눠 두었다. 아디레 이외에 새로운 캐릭터에 신데렐라걸즈 성우가 붙어서 새로운 유닛을 추가할 날이 오길 기원한다.
312,D.L.F 료&치아키,special,,90,42,,,,마츠나가 료,쿠로카와 치아키,,,,2,제15회 드림 LIVE 페스티벌 때 등장한 유닛
313,하드코어☆헤븐즈 도어,special,,90,21,16,,,마츠나가 료,키무라 나츠키,호시 쇼코,,,3,제25회 드림 LIVE 페스티벌 때 등장한 유닛
314,할로윈 파티 in 독일,special,,22,89,90,,,사쿠마 마유,남바 에미,마츠나가 료,,,3,라이브 투어 in 독일 때 등장한 유닛
315,炎陣 From SS,special,純情Midnight伝説,80,78,21,90,88,무카이 타쿠미,후지모토 리나,키무라 나츠키,마츠나가 료,야마토 아키,5,데레스테 [純情Midnight伝説] 이벤트에서 등장한 유닛. 센 언니 컨셉의 아이돌들이 편성되어서 파격적이고 신선하다는 평이었다고 한다. 딱히 리더가 정해진 것은 아닌 것 같다.
316,시로바코[옆 동네],special,,4,77,90,81,,죠가사키 미카,아이바 유미,마츠나가 료,미야모토 프레데리카,,4,시로바코[SHIROBAKO] 애니메이션에 등장하는 캐릭터들의 성우가 신데렐라걸즈의 성우와 겹친다는 이유로 만든 성우 장난 유닛이다. 에마[요시무라 하루카 - 미카]. 아오이[키무라 쥬리 - 유미]. 시즈카[치스가 하루카 - 료]. 미사[타카노 아사미 - 프레데리카]로 구성되어 있다.
317,파이어☆파이어,special,,64,91,,,,야구치 미우,우에다 스즈호,,,,2,여름 축제 DE 드림 LIVE 페스티벌 때 등장한 유닛
318,쫄깃쫄깃 쿵덕,special,,81,91,75,,,미야모토 프레데리카,우에다 스즈호,이치하라 니나,,,3,드림 LIVE 페스티벌 신춘 SP 때 등장한 유닛
319,신춘 첫 웃음,special,,89,91,,,,남바 에미,우에다 스즈호,,,,2,제9회 아이돌 LIVE 로얄 때 등장한 유닛. 남바 에미와 우에다 스즈호는 캐릭터에 공통점이 있어서 이리 저리 같이 등장하는 경우가 많다. 데레스테에 같은 노래를 부르기도 했다. 성우들도 같은 회사라고...
320,원더 풀,special,,67,91,,,,무라마츠 사쿠라,우에다 스즈호,,,,2,아이돌 LIVE 로얄 달구경 SP 때 등장한 유닛
321,소연☆궁녀,special,,89,28,52,,,남바 에미,카타기리 사나에,키타미 유즈,,,3,히나마츠리 LIVE 투어 카니발 때 등장한 유닛
322,Summer Carnival from SS,special,サマカニ!!,91,30,29,33,89,우에다 스즈호,히노 아카네,카와시마 미즈키,호리 유코,남바 에미,5,데레스테 [サマカニ!!] 이벤트에서 등장한 유닛. 정확히 말하면 딱히 유닛명이 정해진 것은 아니다. 그러나 본 게임에서는 곡과 (거의) 동명의 유닛으로 등장시켰다. 우에다와 남바의 첫번째 음원. 
323,스트레인지 테일 2016,special,,41,81,78,,,마츠모토 사리나,미야모토 프레데리카,후지모토 리나,,,3,제20회 아이돌 LIVE 로얄 때 등장한 유닛
324,신데렐라 걸 우즈키&린,special,,1,2,,,,시마무라 우즈키,시부야 린,,,,2,제20회 아이돌 LIVE 로얄 때 등장한 유닛. 우즈키와 린 모두 신데렐라 걸[인기투표 1위를 해 본 적이 있다는 의미]을 역임한 적이 있다. 우즈키가 5대. 린이 3대
325,신데렐라 걸 우즈키&슈코,special,,1,79,,,,시마무라 우즈키,시오미 슈코,,,,2,제20회 아이돌 LIVE 로얄 때 등장한 유닛. 우즈키와 슈코 모두 신데렐라 걸[인기투표 1위를 해 본 적이 있다는 의미]을 역임한 적이 있다. 우즈키가 5대. 슈코가 4대
326,신데렐라 걸 우즈키&아이리,special,,1,69,,,,시마무라 우즈키,토토키 아이리,,,,2,제20회 아이돌 LIVE 로얄 때 등장한 유닛. 우즈키와 아이리 모두 신데렐라 걸[인기투표 1위를 해 본 적이 있다는 의미]을 역임한 적이 있다. 우즈키가 5대. 아이리가 1대
327,신데렐라 걸 우즈키&란코,special,,1,13,,,,시마무라 우즈키,칸자키 란코,,,,2,제20회 아이돌 LIVE 로얄 때 등장한 유닛. 우즈키와 란코 모두 신데렐라 걸[인기투표 1위를 해 본 적이 있다는 의미]을 역임한 적이 있다. 우즈키가 5대. 란코가 2대
328,열심히 하는 수험생들에게☆,special,,14,81,74,,,닛타 미나미,미야모토 프레데리카,사기사와 후미카,,,3,제21회 아이돌 LIVE 로얄 때 등장한 유닛
329,여왕의 동급생(신부),special,,70,50,92,,,미후네 미유,사와다 마리나,사토 신,,,3,마계공연 유울여왕과 할로윈 축제 때 등장한 유닛
330,이터널 레이디에이트,special,,50,92,,,,사와다 마리나,사토 신,,,,2,제16회 드림 LIVE 페스티벌 때 등장한 유닛
331,비치 엔젤,special,,9,92,27,,,미무라 카나코,사토 신,호죠 카렌,,,3,수영복 DE 드림 LIVE 페스티벌 때 등장한 유닛
332,귀엽스위티한 나와 하트(임시),special,,92,17,,,,사토 신,코시미즈 사치코,,,,2,제25회 드림 LIVE 페스티벌 때 등장한 유닛. 위키에는 '귀여운 저'라는 표현을 쓰고 있다. 그러나 다른 사치코 관련 유닛은 '귀여운 나'란 표현을 쓰고 있어서 '나'로 변경하였음. 사치코가 [귀여운 나] 타이틀을 가지고 신이 [스위티]를 가져가서 [귀여운 나와 스위티 하트] 정도로 유닛명이 정해졌으면 좋았을텐데... 딱히 둘 다 양보할 마음이 없었는지 이름이 제대로 정해지지 못하고 (임시) 상태. 둘의 나이차가 12살. 띠동갑이라는 점과 둘다 자신감이 넘친다는 점이 흥미로운 유닛
333,슈가슈가☆미~잉,special,,92,20,,,,사토 신,아베 나나,,,,2,제13회 아이돌 LIVE 로얄 때 등장한 유닛. 둘 다 고연령(?) 아이돌이라는 공통점이 있다. 하지만 표기연령은 26세와 17세로 다르다. 여러 이벤트에서 밝혀진 내용에 따라 나나가 나이가 더 많을 것이라고 추측하고 있다.
334,밤의 여인들,special,命燃やして恋せよ乙女,92,20,72,28,70,사토 신,아베 나나,타카가키 카에데,카타기리 사나에,미후네 미유,5,데레스테 [命燃やして恋せよ乙女] 이벤트에서 등장한 유닛. 요이오토메(宵乙女)란 표현을 사용하고 밤의 여인들이란 표현으로 적었다. 그러나 요이란 말이 취하다란 의미로도 사용되므로 취한 여인들로 해석할 수도 있다. 실제 데레스테 커뮤에선 멤버들이 모두 술에 취하고... 표기 연령이 17세인 아베 나나가 술을 마시지 못하고 정리하는 내용으로 그려졌다.
335,KBKYZD,special,Lunatic Show,19,16,17,34,18,코바야카와 사에,호시 쇼코,코시미즈 사치코,시라사카 코우메,히메카와 유키,5,데레스테 [Lunatic Show] 이벤트에서 등장한 유닛. KBYD에서 온 것으로 보이는 유닛명. 물론 정식 유닛명은 아니다. 단지 커뮤 타이틀이니 너무 큰 의미를 두고 싶진 않지만... 동명의 원곡은 쇼코와 코우메가 부른 곡이므로 [NiGHT ENCOUNTER]에서 나온 이름. 혹은 사치코를 포함하여 [귀여운 나와 142's]가 메인이 되었으면 좋았을텐데... 그렇게 되지 못하고 [귀여운 나와 버섯 야구 좀비 이어요]가 되어버렸으니... KBYD에 쇼코와 코우메가 끼어든 형태가 되어 버렸다.
336,sweetches,special,Sweet Witches' Night,39,69,24,9,46,오이카와 시즈쿠,토토키 아이리,모리쿠보 노노,미무라 카나코,시이나 노리코,5,데레스테 [Sweet Witches' Night] 이벤트에서 등장한 유닛. 무언가 스위트와 연결된 것으로 보이는 4명(시즈쿠는 우유. 아이리는 케익. 카나코는 달콤한 것 전반... 노리코는 도넛)에 노노가 더해진 형태. 스위티한 설탕 캐릭터가 끼는 것이 어울릴 법도 한테 시기적으로 멀리 떨어지지 않은 이벤트에 이미 등장했기 때문에 빠진 게 아닐까 추측. 그리고 메르헨과도 연관이 있기 때문에 노노도 전혀 동떨어진 캐스팅은 아니었던 것 같다. 거기에 샤이니 넘버즈 멤버를 하나씩 이벤트에 넣고 싶을 테니까 적당히 넘어가도록 하자. (命燃やして恋せよ乙女 이벤트에 3위 미유가 나오고. 포지파 다음 이벤트에는 5위 요시노가 나온다고 하는 것을 봐도...)
337,넥스트 뉴커머(건슬링거 저니),special,,93,86,,,,오토쿠라 유우키,요리타 요시노,,,,2,서부공연 건슬링거 저니 때 등장한 유닛. 넥스트 뉴커머라는 유닛명은 고유 이름이라기 보단 신규 지역에 추가된 멤버 소개 비슷한 느낌이 있다. 그래서 건슬링거 저니란 이름을 같이 붙여서 다른 유닛들과 구분을 하였다. 참고로 이 2명이 등장한 지역은 오카야마.
338,오텀 모델'15,special,,2,93,18,,,시부야 린,오토쿠라 유우키,히메카와 유키,,,3,제16회 드림 LIVE 페스티벌 때 등장한 유닛. 이전에 쥬니어 모델의 경험이 있는 오토쿠라에게 린과 유키가 キメ顔(사진이나 영화 중요장면 등에서 멋지게 찍히기 위해 짓는 표정)에 관한 조언을 요청하는 내용. [마음이 물드는 가을 이야기]가챠의 SR카드 트리오 구성이다.
339,사이킥 수확 아가씨 with 유우키,special,,93,33,,,,오토쿠라 유우키,호리 유코,,,,2,라이브 투어 카니발 마계공연 요염마녀와 사라진 할로윈 때 등장한 유닛
340,투극의 삼여신,special,,13,39,93,,,칸자키 란코,오이카와 시즈쿠,오토쿠라 유우키,,,3,제22회 아이돌 LIVE 로얄 때 등장한 유닛. [미라클☆스포츠페스타]가챠의 SR카드 트리오 구성
341,중2병이라도 사랑이 하고 싶어[옆 동네] 트리오,special,,13,15,30,,,칸자키 란코,아나스타샤,히노 아카네,,,3,중2병이라도 사랑이 하고 싶어 [中二病でも恋がしたい！] 애니메이션에 등장하는 릿카 [우치다 마아야 - 란코]. 데코모리 [우에사카 스미레 - 아나스타샤]. 신카 [아카사키 치나츠 - 아카네]로 구성된 성우 장난 유닛. 릿카는 란코와 성우 이외에도 닮은 부분이 많다. 애니메이션과 게임 모두 2012년 경에 나왔으므로 한쪽이 다른 쪽의 캐스팅에 영향을 주었는지에 관해서는 잘 모르겠다. 인터넷에서 검색 결과로는 란코 캐스팅이 먼저라고 하는데 이것이 릿카 캐스팅에 영향을 주었는지는 알 수 없다. (누가 정리해주면 좋겠다.)
342,유닛 16,special,,54,32,94,,,이마이 카나,타카모리 아이코,후지와라 하지메,,,3,아이돌 LIVE 투어 in USA 때 등장한 유닛. 멤버 3명 모두 16세여서 붙은 이름으로 보인다. 유닛 16이라고 하는 불명확한 이름에서 제3회 라이브 투어 이후로 유닛명이 Age 16 으로 변경되었다. 라이브 투어 카니발 in 독일에서 AGE 16으로 변경되었다.
343,오다의 중진,special,,57,94,,,,모모이 아즈키,후지와라 하지메,,,,2,전국공연 천마의난 때 등장한 유닛
344,월하빙희,special,,74,94,,,,사기사와 후미카,후지와라 하지메,,,,2,제5회 드림 LIVE 페스티벌 때 등장한 유닛. 흑발의 정숙한 2명으로 구성된 유닛. (お淑やかな 란 표현을 정숙하다는 말로 간단히 적었습니다. 행동이나 말하는 방식이 침착하며 품위있다라는 의미입니다.)
345,산자수명,special,,86,94,,,,요리타 요시노,후지와라 하지메,,,,2,제16회 드림 LIVE 페스티벌 때 등장한 유닛. 요시노는 하지메에게서 온화한 대지의 기운을 느끼는 것 같다. 하지메는 그것이 흙의 냄새라는 것을 깨닫는다는 에피소드가 있다.
346,소녀 카구라 급,special,,87,20,94,,,도묘지 카린,아베 나나,후지와라 하지메,,,3,드림 LIVE 페스티벌 신춘 SP 때 등장한 유닛. 카구라는 일본 고유의 신앙인 신토에서 볼 수 있는 무악(舞樂 - 춤과 연주 노래 등)을 말한다. 카린과 하지메는 그렇다치고 왜 아베 나나가 여기에 소속되어 있는지 잘 모르겠다. 모 트위터에서는 카구라는 허리에 부담이 없다고 하니 아베나나도 안심할 수 있다란 표현을 쓰기도 했다.
347,NH NETWORK,special,,38,94,,,,타카미네 노아,후지와라 하지메,,,,2,제27회 드림 LIVE 페스티벌 때 등장한 유닛. NH는 노아와 하지메를 의미하는 것 같다. 하지메의 콰이어트 질이라는 카드에서 입은 의상에서 둘의 조합을 예상하는 사람들이 있었고 실제로 등장하였다. 이 둘은 다른 조합에서 만난 적도 있다. 노아의 대사 중에 그릇이란 표현을 사용하는데 이것도 무언가를 의미하는 것이 아닌가하는 의견도 있으며 둘 모두 말줄임표를 자주 사용한다. (그러나 말줄임표를 쓰는 캐릭터가 너무 많으니 이건 무시해도 될 것 같다.)
348,오카야마 친선대사,special,,93,94,,,,오토쿠라 유우키,후지와라 하지메,,,,2,제7회 아이돌 LIVE 로얄 때 등장한 유닛. 둘 모두 오카야마현 출신. 유우키는 하지메에게 고향에 돌아가면 놀러가도 될까요라고 물어보는데 그에 대해 하지메는 그럼 제가 마중나갈게요라고 답한다. 산 깊숙한 곳에 있어서 모두 헤매기때문이라고...